Company,Opening_Date,Listing_Date,Listing_At,BSE_Scrip_Code,NSE_Symbol,Issue_Amount_(Rs.cr.),Issue_Price_(Rs.),QIB_(x),NII_(x),Retail_(x),Total_(x),Open_Price_on_Listing_(Rs.),Close_Price_on_Listing_(Rs.),%_Gain_/_Loss_(Issue_price_v/s_Close_price_on_Listing),Current_Price_<br>at_BSE_(Rs.),Current_Price_<br>at_NSE_(Rs.),Gain_/_Loss_(%),Market_Price_(Rs.),52_Week_High,52_Week_Low,Market_Price_(Value),Market_Price_(%),52_Week_High_(Value),52_Week_High_(Date),52_Week_Low_(Value),52_Week_Low_(Date),Assets_(Rs.cr.),Revenue_(Rs.cr.),Profit_After_Tax_(Rs.cr.),P/E_(x)_Pre-IPO,P/E_(x)_Post-IPO,ROE,ROCE,RoNW,Net_Worth_(Rs.cr.),Reserves_and_Surplus_(Rs.cr.),Total_Borrowing_(Rs.cr.),PAT_Margin_%,EPS_(Rs.)_Pre-IPO,EPS_(Rs.)_Post-IPO,Price_to_Book_Value,Ebitda_(Rs.cr.)
Divgi TorqTransfer Systems IPO,2023-03-01,2023-03-14,"BSE, NSE",543812,DIVGIITTS,412.12,590,3.76,1.37,4.17,3.44,620,605.2,2.58,745.55,744.55,26.36,657.85 (10.56%),"700.00 (Sep 25, 2025)","410.10 (Apr 07, 2025)",657.85,10.56,700,"Sep 25, 2025",410.1,"Apr 07, 2025",430.21,137.55,25.66,35.16,,14.52,29.47,13.57,356.2,342.44,0.5,19.08,16.76,,,
Global Surfaces IPO,2023-03-13,2023-03-23,"BSE, NSE",543829,GSLSU,154.98,140,4.25,33.22,4.98,8.85,164,171.05,22.18,87.49,,-37.51,90.00 (-35.71%),"144.40 (May 27, 2025)","79.00 (Jan 27, 2026)",90,-35.71,144.4,"May 27, 2025",79,"Jan 27, 2026",280.2,99.25,13.59,21.84,,26.59,20.85,32.51,148.93,115.07,50.52,18.72,10.52,,,
Udayshivakumar Infra IPO,2023-03-20,2023-04-03,"BSE, NSE",543861,USK,66,35,40.11,64.49,14.73,32.2,30,31.5,-10,21,21.32,-40,21.13 (-39.06%),"51.78 (Feb 14, 2025)","19.20 (Jan 30, 2026)",21.13,-39.06,51.78,"Feb 14, 2025",19.2,"Jan 30, 2026",178.9,107.14,10.02,9.67,,17.78,20.71,17.78,78.34,0,39.46,6.54,3.33,,,
Avalon Technologies IPO,2023-04-03,2023-04-18,"BSE, NSE",543896,AVALON,865,436,2.12,0.37,0.84,1.73,396,397.95,-8.73,1054.5,1054.05,141.86,"1,078.75 (149.09%)","1,318.00 (Oct 07, 2025)","603.00 (Feb 18, 2025)",1078.75,149.09,"1,318.00","Oct 07, 2025",603,"Feb 18, 2025",587.96,851.65,68.16,55.54,,85.9,27.4,85.86,0,0,294.05,8,11.3,,,
Mankind Pharma IPO,2023-04-25,2023-05-09,"BSE, NSE",543904,MANKIND,"4,326.36","1,080",20.32,3.59,0.89,11.01,"1,300.00","1,080.00",0,2060.3,2060.5,90.77,"2,079.00 (92.49%)","2,716.50 (Jul 15, 2025)","2,033.00 (Feb 06, 2026)",2079,92.49,"2,716.50","Jul 15, 2025",2033,"Feb 06, 2026","9,273.75","6,777.82","1,015.98",32.5,,27.60%,26.10%,27.70%,"7,145.89","7,094.12",167.93,18.67,33.2,,,
IKIO Lighting IPO,2023-06-06,2023-06-16,"BSE, NSE",543923,IKIO,606.5,285,66.57,61.16,13.77,47.28,392.5,403.85,41.7,147.95,147.89,-48.09,150.26 (-47.4%),"304.00 (Mar 21, 2025)","142.53 (Feb 02, 2026)",150.26,-47.4,304,"Mar 21, 2025",142.53,"Feb 02, 2026",335.5,332.79,51.35,32.13,,36.00%,26.00%,36.46%,140.83,,136.33,15.12,7.9,,,
HMA Agro Industries IPO,2023-06-20,2023-07-04,"BSE, NSE",543929,HMA,480,585,1.35,3.13,0.96,1.48,625,585.65,0.11,28.04,28,-52.07,30.12 (-48.7%),"38.00 (Jun 03, 2025)","24.78 (Feb 02, 2026)",30.12,-48.7,38,"Jun 03, 2025",24.78,"Feb 02, 2026",856.11,"3,138.98",117.62,19.4,,,0.33,28.78%,374.65,327.03,330.02,3.8,18.83,,,
ideaForge Technology IPO,2023-06-26,2023-07-07,"BSE, NSE",543932,IDEAFORGE,567.24,672,51.13,78.41,82.03,58.23,"1,300.00","1,294.95",92.7,410.75,411,-38.88,421.60 (-37.31%),"659.85 (Jun 24, 2025)","304.20 (Apr 07, 2025)",421.6,-37.31,659.85,"Jun 24, 2025",304.2,"Apr 07, 2025",487.93,196.4,31.99,87.5,,13.11%,12.51%,9.85%,324.72,,86.5,17.2,8.12,,,
Cyient DLM IPO,2023-06-27,2023-07-10,"BSE, NSE",543933,CYIENTDLM,592,265,39.02,47.07,50.38,40.27,403,420.6,58.72,364.05,363.35,37.38,364.45 (37.58%),"540.00 (Apr 23, 2025)","344.55 (Feb 06, 2026)",364.45,37.58,540,"Apr 23, 2025",344.55,"Feb 06, 2026","1,104.72",838.34,31.73,66.25,,23.10%,13.48%,30.45%,197.87,145.01,314.47,4,10.07,,,
Senco Gold IPO,2023-07-04,2023-07-14,"BSE, NSE",543936,SENCO,405,317,76.81,68.13,15.73,54.13,430,405.3,27.85,351.6,352.15,121.83,373.50 (135.49%),"458.20 (Feb 13, 2025)","227.40 (Mar 17, 2025)",373.5,135.49,458.2,"Feb 13, 2025",227.4,"Mar 17, 2025","2,905.32","4,108.54",158.48,15.53,,18.90%,14.20%,18.96%,944.97,876.27,"1,177.17",3.89,22.93,,,
Utkarsh Small Finance Bank IPO,2023-07-12,2023-07-21,"BSE, NSE",543942,UTKARSHBNK,500,25,54.91,88.11,76.14,61.41,40,48,92,13.54,13.55,-45.84,13.77 (-44.8%),"26.97 (Feb 11, 2025)","12.96 (Feb 04, 2026)",13.77,-44.8,26.97,"Feb 11, 2025",12.96,"Feb 04, 2026","19,117.54","2,804.29",404.5,6.78,,22.64%,,20.22%,"2,000.32","1,104.42","2,349.48",,4.52,,,
Netweb Technologies IPO,2023-07-17,2023-07-27,"BSE, NSE",543945,NETWEB,631,500,88.64,84.21,18.74,63.41,947,910.4,82.08,3099.3,3097.3,519.86,"3,201.90 (540.95%)","4,479.00 (Oct 08, 2025)","1,251.55 (Apr 07, 2025)",3201.9,540.95,"4,479.00","Oct 08, 2025",1251.55,"Apr 07, 2025",265.95,445.65,46.94,59.67,,68.01%,64.42%,68.01%,93.67,83.48,35.6,10.55,9.22,,,
Yatharth Hospital IPO,2023-07-26,2023-08-07,"BSE, NSE",543950,YATHARTH,686.55,300,35.04,38.54,8.38,26.24,306.1,300,0,685.9,685.25,128.63,694.20 (131.55%),"843.70 (Oct 08, 2025)","345.60 (Mar 03, 2025)",694.2,131.55,843.7,"Oct 08, 2025",345.6,"Mar 03, 2025",485.97,523.1,65.77,39.16,,35.95%,26.10%,35.95%,182.96,,263.78,12.64,10.09,,,
SBFC Finance IPO,2023-08-03,2023-08-16,"BSE, NSE",543959,SBFC,"1,025.00",57,82,52.08,11.15,52.23,82,92.2,61.75,96.37,96.75,69.07,98.09 (72.12%),"123.00 (Nov 03, 2025)","79.66 (Feb 18, 2025)",98.09,72.12,123,"Nov 03, 2025",79.66,"Feb 18, 2025","5,746.44",740.36,149.74,40.42,,9.93%,,7.97%,"1,466.88",,"3,745.83",,1.25,,,
Concord Biotech IPO,2023-08-04,2023-08-18,"BSE, NSE",543960,CONCORDBIO,"1,550.52",741,27.62,16.94,3.7,17.64,900.05,942.8,27.23,1183.25,1184.4,59.68,"1,228.90 (65.86%)","2,253.95 (Feb 11, 2025)","1,100.00 (Feb 02, 2026)",1228.9,65.86,"2,253.95","Feb 11, 2025",1100,"Feb 02, 2026","1,513.98",888.48,240.08,32.29,,20.06%,24.27%,20.00%,"1,290.00",,31.24,28.14,20.79,,,
TVS Supply Chain Solutions IPO,2023-08-10,2023-08-23,"BSE, NSE",543965,TVSSCS,880,197,1.16,2.38,7.53,1.98,207.05,201,2.03,131.29,131.13,-33.36,125.58 (-36.28%),"156.25 (Feb 13, 2025)","92.16 (Jan 27, 2026)",125.58,-36.28,156.25,"Feb 13, 2025",92.16,"Jan 27, 2026","6,210.92","10,311.01",41.76,189.42,,5.50%,7.64%,5.50%,723.55,774.19,"1,989.62",,1.04,,,
Pyramid Technoplast IPO,2023-08-18,2023-08-29,"BSE, NSE",543969,PYRAMID,153.05,166,4.69,32.25,14.24,14.98,187,177.65,7.02,153,153.4,-7.83,158.13 (-3.86%),"190.00 (Jun 17, 2025)","134.91 (Mar 17, 2025)",158.13,-3.86,190,"Jun 17, 2025",134.91,"Mar 17, 2025",225.78,482.03,31.76,16.21,,29.61%,21.37%,29.61%,107.25,75.97,55.34,6.62,10.24,,,
Aeroflex Industries IPO,2023-08-22,2023-08-31,"BSE, NSE",543972,AEROFLEX,351,108,76.9,131.4,34.55,69.39,190,163.25,51.16,186.7,186.38,72.87,193.24 (79.03%),"272.00 (Feb 06, 2025)","148.01 (Apr 07, 2025)",193.24,79.03,272,"Feb 06, 2025",148.01,"Apr 07, 2025",213.98,269.48,30.15,40.91,,26.43%,31.96%,26.43%,114.09,,45.01,11.19,2.64,,,
Vishnu Prakash R.Punglia IPO,2023-08-24,2023-09-05,"BSE, NSE",543974,VPRPL,308.61,99,69.2,111.9,31.02,61.76,165,145.7,47.17,47.04,46.93,-52.48,49.71 (-49.81%),"195.80 (Feb 11, 2025)","42.60 (Feb 02, 2026)",49.71,-49.81,195.8,"Feb 11, 2025",42.6,"Feb 02, 2026",825.48,"1,171.46",90.64,13.61,,,33.72%,38.31%,314.51,219.96,250.37,7.74,10.41,,,
Rishabh Instruments IPO,2023-08-30,2023-09-11,"BSE, NSE",543977,RISHABH,490.78,441,29.51,31.39,8.16,22.32,460.05,443.15,0.49,435.55,436.85,-1.24,439.30 (-0.24%),"490.00 (Sep 04, 2025)","201.50 (Mar 04, 2025)",439.3,-0.24,490,"Sep 04, 2025",201.5,"Mar 04, 2025",648.93,579.78,49.69,,33.69,12.39%,13.77%,11.67%,408.75,,102.85,8.57,12.84,,,
Ratnaveer Precision Engineering IPO,2023-09-04,2023-09-11,"BSE, NSE",543978,RATNAVEER,165.03,98,53.61,134.18,52.84,65.42,123.2,129.35,31.99,146.8,146.93,49.8,152.04 (55.26%),"177.00 (May 30, 2025)","115.99 (Apr 07, 2025)",152.04,55.26,177,"May 30, 2025",115.99,"Apr 07, 2025",389.05,481.14,25.04,,18.99,29.12%,12.62%,29.12%,106.05,71.16,229.99,5.21,7.26,,,
Jupiter Life Line Hospitals IPO,2023-09-06,2023-09-18,"BSE, NSE",543980,JLHL,869.08,735,75.72,36.44,7.66,46.01,973,"1,075.75",46.36,1238.85,1240.2,68.55,"1,255.30 (71.06%)","1,770.00 (Mar 25, 2025)","1,198.80 (Feb 05, 2026)",1255.3,71.06,"1,770.00","Mar 25, 2025",1198.8,"Feb 05, 2026",985.53,902.96,72.91,52.68,66.1,20.03%,20.94%,20.03%,363.91,,468.63,-0.47,13.95,,,
EMS IPO,2023-09-08,2023-09-21,"BSE, NSE",543983,EMSLIMITED,321.25,211,60.31,83.76,29.28,52.97,282.05,279.9,32.65,330.3,330.6,56.54,351.10 (66.52%),"714.90 (Feb 12, 2025)","322.15 (Jan 30, 2026)",351.1,66.52,714.9,"Feb 12, 2025",322.15,"Jan 30, 2026",638.72,543.28,108.67,,10.78,22.27%,28.26%,22.31%,487.83,443.45,45.4,20.18,23.15,,,
R R Kabel IPO,2023-09-13,2023-09-20,"BSE, NSE",543981,RRKABEL,"1,964.01","1,035",21.62,12.98,2.05,13.4,"1,180.00","1,198.05",15.75,1404.8,1403.9,35.73,"1,428.20 (38.08%)","1,562.60 (Dec 22, 2025)","853.55 (Mar 18, 2025)",1428.2,38.08,"1,562.60","Dec 22, 2025",853.55,"Mar 18, 2025","2,633.62","5,633.64",189.87,,39.26,14.22%,15.57%,13.66%,"1,390.47",914.15,515.84,3.37,17.09,,,
SAMHI Hotels IPO,2023-09-14,2023-09-22,"BSE, NSE",543984,SAMHI,"1,370.10",126,4.32,1.26,1.11,3.54,134.5,143.4,13.81,165.6,165.86,31.43,166.76 (32.46%),"254.50 (Jul 22, 2025)","121.10 (Apr 07, 2025)",166.76,32.46,254.5,"Jul 22, 2025",121.1,"Apr 07, 2025","2,263.00",761.42,-338.59,,,,,,-871.43,-816.18,"2,787.54",,,,,
Zaggle Prepaid Ocean IPO,2023-09-14,2023-09-22,"BSE, NSE",543985,ZAGGLE,563.38,164,7.45,9.13,5.94,7.55,164,158.35,-3.45,286.25,285.95,74.54,304.20 (85.85%),"469.80 (Jun 10, 2025)","265.80 (Jan 27, 2026)",304.2,85.85,469.8,"Jun 10, 2025",265.8,"Jan 27, 2026",234.76,554.58,22.9,66.67,87.23,46.98%,,46.98%,48.75,39.36,121.07,4.14,2.46,,,
Yatra Online IPO,2023-09-15,2023-09-28,"BSE, NSE",543992,YATRA,775,142,1.46,0.42,2.08,1.37,127.5,135.9,-4.3,167.1,167.01,17.68,166.25 (17.15%),"202.00 (Nov 17, 2025)","65.51 (Mar 12, 2025)",166.25,17.15,202,"Nov 17, 2025",65.51,"Mar 12, 2025",681.25,397.47,7.63,205.8,289.8,18.10%,26.00%,4.50%,169.52,,153.07,,0.69,,,
Sai Silks (Kalamandir) IPO,2023-09-20,2023-09-27,"BSE, NSE",543989,KALAMANDIR,"1,201.00",222,5.51,2.56,0.87,3.45,231,244.9,10.32,115.8,115.72,-47.84,114.22 (-48.51%),"223.03 (Oct 28, 2025)","106.55 (Feb 02, 2026)",114.22,-48.51,223.03,"Oct 28, 2025",106.55,"Feb 02, 2026","1,220.45","1,358.92",97.59,27.37,34.91,27.96%,23.55%,24.56%,397.33,373.27,345.5,7.22,8.11,,,
Signatureglobal IPO,2023-09-20,2023-09-27,"BSE, NSE",543990,SIGNATURE,730,385,6.19,14.23,6.97,7.47,444,458.55,19.1,1042.25,1040.55,170.71,982.90 (155.1%),"1,309.50 (Jun 12, 2025)","775.20 (Jan 27, 2026)",982.9,155.1,"1,309.50","Jun 12, 2025",775.2,"Jan 27, 2026","5,999.13","1,585.88",-63.72,,,-134.00%,1.00%,,47.54,34.08,"1,709.75",,-5.44,,,
Manoj Vaibhav Gems 'N' Jewellers IPO,2023-09-22,2023-10-03,"BSE, NSE",543995,MVGJL,270.2,215,1.04,5.35,1.67,1.91,215,215.5,0.23,172.7,172.76,-19.67,176.23 (-17.98%),"280.00 (Jun 09, 2025)","160.50 (Jan 29, 2026)",176.23,-17.98,280,"Jun 09, 2025",160.5,"Jan 29, 2026","1,082.82",510.21,19.24,11.74,,23.19%,17.71%,20.78%,363.65,324.57,460.39,3.53,18.32,,,
JSW Infrastructure IPO,2023-09-25,2023-10-03,"BSE, NSE",543994,JSWINFRA,"2,800.00",119,24.64,16.74,10.44,22.03,143,157.3,32.18,257.55,257.45,116.43,263.15 (121.22%),"349.00 (Sep 24, 2025)","218.20 (Feb 18, 2025)",263.15,121.22,349,"Sep 24, 2025",218.2,"Feb 18, 2025","9,450.66","3,372.85",749.51,29.67,19.38,18.33%,19.49%,18.80%,"3,934.64","3,645.75","4,243.70",22.22,4.12,,,
Updater IPO,2023-09-25,2023-10-04,"BSE, NSE",543996,UDS,640,300,2.44,0.87,1.39,2.1,285,283.9,-5.37,153.25,153.62,-48.92,159.04 (-46.97%),"356.00 (May 26, 2025)","146.45 (Feb 02, 2026)",159.04,-46.97,356,"May 26, 2025",146.45,"Feb 02, 2026","1,216.95","2,112.09",34.61,44.31,57.8,9.40%,14.17%,9.34%,380.89,,176.54,1.64,6.77,,,
Valiant Laboratories IPO,2023-09-27,2023-10-06,"BSE, NSE",543998,VALIANTLAB,152.46,140,8.78,73.74,15.72,20.95,162.15,170.25,21.61,61.5,61.23,-56.07,62.65 (-55.08%),"115.19 (Jun 12, 2025)","56.53 (Jan 29, 2026)",62.65,-55.08,115.19,"Jun 12, 2025",56.53,"Jan 29, 2026",212.76,338.77,29,15.71,,33.73%,22.76%,28.86%,100.49,,59.4,8.56,8.91,,,
Plaza Wires IPO,2023-09-29,2023-10-12,"BSE, NSE",544003,PLAZACABLE,71.28,54,26.2,387.25,360.04,113.74,76,80.2,48.52,40.15,40.05,-25.65,39.92 (-26.98%),"69.73 (Feb 12, 2025)","34.63 (Jan 23, 2026)",39.92,-26.98,69.73,"Feb 12, 2025",34.63,"Jan 23, 2026",112.1,182.6,7.51,21.95,,14.15%,15.57%,14.16%,53.08,22.53,39.68,4.11,2.46,,,
IRM Energy IPO,2023-10-18,2023-10-26,"BSE, NSE",544004,IRMENERGY,545,505,18.33,48.98,9.07,19.3,477.25,473.15,-6.31,245.35,245.66,-51.42,253.29 (-49.68%),"393.00 (Sep 23, 2025)","229.00 (Feb 02, 2026)",253.29,-49.68,393,"Sep 23, 2025",229,"Feb 02, 2026",838.21,248.63,26.91,24.13,32.8,18.23%,14.19%,18.23%,373.33,,321.24,,20.93,,,
Blue Jet Healthcare IPO,2023-10-25,2023-11-01,"BSE, NSE",544009,BLUEJET,840.27,346,6.2,13.48,2.25,5.91,380,413.4,19.48,397.45,397.3,14.87,441.40 (27.63%),"1,027.80 (Jul 21, 2025)","392.00 (Feb 02, 2026)",441.4,27.63,"1,027.80","Jul 21, 2025",392,"Feb 02, 2026",903.8,184.6,44.12,37.49,34.02,26.60%,31.91%,23.48%,725.68,690.99,,22.27,9.23,,,
Cello World IPO,2023-10-30,2023-11-06,"BSE, NSE",544012,CELLO,"1,900.00",648,49.78,24.45,3.17,29.5,829,791.7,22.18,507.7,507.7,-21.65,507.65 (-21.64%),"673.80 (Oct 30, 2025)","490.00 (Feb 02, 2026)",507.65,-21.64,673.8,"Oct 30, 2025",490,"Feb 02, 2026","1,686.05",479.88,82.83,,41.51,39.90%,44.48%,23.17%,"1,226.56",149.61,328.64,15.9,13.65,,,
Honasa Consumer IPO,2023-10-31,2023-11-07,"BSE, NSE",544014,HONASA,"1,701.44",324,5.22,4.02,1.31,4.65,330,337.1,4.04,301.5,301.45,-6.94,299.25 (-7.7%),"334.20 (Jun 09, 2025)","197.51 (Feb 12, 2025)",299.25,-7.7,334.2,"Jun 09, 2025",197.51,"Feb 12, 2025","1,048.03",477.1,24.72,,105.54,,,-23.57%,638.26,"-1,290.94",6.79,,4.66,,,
ESAF Small Finance Bank IPO,2023-11-03,2023-11-10,"BSE, NSE",544020,ESAFSFB,463,60,73.45,88.93,17.83,54.68,71,69.05,15.08,28.29,28.32,-52.85,28.21 (-52.83%),"36.20 (Jul 01, 2025)","24.31 (Mar 27, 2025)",28.21,-52.83,36.2,"Jul 01, 2025",24.31,"Mar 27, 2025","20,795.94",991.78,129.96,8.94,5.94,,,17.69%,"1,839.09","1,389.62","2,739.13",,6.73,,,
Protean eGov Technologies IPO,2023-11-06,2023-11-13,BSE,544021,PROTEAN,489.95,792,19.37,31.98,8.7,17.11,792,883,11.49,633.6,633.6,-20,651.00 (-17.84%),"1,484.50 (Apr 22, 2025)","590.40 (Feb 02, 2026)",651,-17.84,"1,484.50","Apr 22, 2025",590.4,"Feb 02, 2026","1,133.86",233.17,32.21,29.91,24.86,12.49%,16.13%,12.49%,888.1,847.48,,14.42,26.48,,,
ASK Automotive IPO,2023-11-07,2023-11-15,"BSE, NSE",544022,ASKAUTOLTD,833.91,282,57.55,35.43,5.55,36.03,303.3,310.1,9.96,431.85,432.1,53.14,440.65 (56.31%),"578.50 (Sep 24, 2025)","333.30 (Mar 03, 2025)",440.65,56.31,578.5,"Sep 24, 2025",333.3,"Mar 03, 2025","1,443.34",657.55,34.83,45.63,39.89,,,19.10%,,639.03,268.03,4.79,6.18,,,
IREDA IPO,2023-11-21,2023-12-21,"BSE, NSE",544046,INOXINDIA,"2,150.21",660,59.58,52.74,14.68,42.84,949.65,939.95,42.42,1169.2,1169.4,77.15,"1,147.10 (73.79%)","1,288.00 (Jul 02, 2025)","885.10 (Feb 18, 2025)",1147.1,73.79,"1,288.00","Jul 02, 2025",885.1,"Feb 18, 2025","51,208.36","2,320.46",579.32,8.47,7.42,15.44%,,15.44%,"6,580.61","2,550.36","39,850.19",,3.78,,,
Fedbank Financial IPO,2023-11-22,2023-11-30,"BSE, NSE",544027,FEDFINA,"1,092.26",140,2.03,1.51,1.8,1.85,138,140.25,0.18,142.05,141.75,1.46,146.14 (4.36%),"178.48 (Jan 14, 2026)","80.00 (Apr 07, 2025)",146.14,4.36,178.48,"Jan 14, 2026",80,"Apr 07, 2025","9,412.51",367.87,53.88,25.04,23.97,14.36%,,13.29%,"1,414.90","1,076.67","7,619.52",,5.6,,,
Flair Writing Industries IPO,2023-11-22,2023-12-01,"BSE, NSE",544030,FLAIR,593,304,49.32,35.58,13.37,34.68,501,450.9,48.32,323.25,323.05,6.33,322.40 (6.17%),"357.00 (Jul 30, 2025)","194.03 (Mar 11, 2025)",322.4,6.17,357,"Jul 30, 2025",194.03,"Mar 11, 2025",765.04,248.5,32.14,23.36,25.7,31.17%,31.24%,31.17%,470.16,423.46,126.67,12.53,12.33,,,
Gandhar Oil Refinery IPO,2023-11-22,2023-11-30,"BSE, NSE",544029,GANDHAR,500.69,169,52.11,64.99,29.09,45.99,298,301.4,78.34,146.5,146.7,-13.31,150.18 (-11.07%),"184.42 (Jun 04, 2025)","120.56 (Dec 09, 2025)",150.18,-11.07,184.42,"Jun 04, 2025",120.56,"Dec 09, 2025","1,795.57","1,071.52",54.28,,6.16,32.28%,41.19%,32.28%,810.79,763.99,335.62,5.2,23.77,,,
Tata Technologies IPO,2023-11-22,2023-11-30,"BSE, NSE",544028,TATATECH,"3,042.51",500,81.79,62.87,16.01,51.18,"1,200.00","1,313.00",162.6,597.75,598.25,19.55,614.75 (23.01%),"797.00 (Jun 11, 2025)","575.30 (Feb 13, 2026)",614.75,23.01,797,"Jun 11, 2025",575.3,"Feb 13, 2026","5,142.42","2,587.42",351.9,32.53,28.82,,,20.87%,"2,853.13","2,455.29",,14.14,15.37,,,
DOMS Industries IPO,2023-12-13,2023-12-20,"BSE, NSE",544045,DOMS,"1,200.00",790,49.34,69.44,70.14,54.19,"1,400.00","1,326.05",67.85,2369.95,2365.7,199.99,"2,413.70 (205.82%)","3,064.60 (Apr 22, 2025)","2,250.00 (Apr 07, 2025)",2413.7,205.82,"3,064.60","Apr 22, 2025",2250,"Apr 07, 2025",829.46,764.22,73.91,43.19,,33.54%,33.31%,28.39%,397.61,341.36,176.38,2.51,18.29,,,
India Shelter Finance IPO,2023-12-13,2023-12-20,"BSE, NSE",544044,INDIASHLTR,"1,200.00",493,38.26,29.76,10.07,27.12,620,544.7,10.49,737.95,737.4,49.69,742.15 (50.7%),"1,011.75 (Jul 21, 2025)","640.80 (Feb 12, 2025)",742.15,50.7,"1,011.75","Jul 21, 2025",640.8,"Feb 12, 2025","4,758.68",398.58,107.35,28.22,24.58,13.40%,,13.40%,"1,374.97","1,335.36","3,272.48",,17.47,,,
Inox India IPO,2023-12-14,2023-12-29,"BSE, NSE",544067,INNOVACAP,"1,459.32",448,46.93,65.01,17.02,39.17,452.1,541.4,20.85,677.6,678.85,51.25,691.70 (54.25%),"1,020.70 (Jun 13, 2025)","624.00 (Jan 19, 2026)",691.7,54.25,"1,020.70","Jun 13, 2025",624,"Jan 19, 2026","1,155.81",580,103.34,39.22,29,27.79%,36.53%,27.79%,554.24,,31.03,15.52,16.83,,,
Motisons Jewellers IPO,2023-12-18,2023-12-26,"BSE, NSE",544053,MOTISONS,151.09,55,64.92,705.88,117.44,213.54,109,103.55,88.27,15.79,15.91,187.09,16.01 (191.45%),"24.02 (Jul 08, 2025)","10.62 (Jan 27, 2026)",16.01,191.45,24.02,"Jul 08, 2025",10.62,"Jan 27, 2026",348.13,86.76,5.48,17.59,24.66,17.56%,30.04%,16.15%,142.81,,166.03,6.06,3.42,,,
Muthoot Microfin IPO,2023-12-18,2023-12-26,"BSE, NSE",544055,MML,960,291,7.98,13.59,7.82,8.68,275.3,266.15,-8.54,190.2,190.3,-34.64,186.82 (-35.69%),"199.39 (Nov 27, 2025)","119.25 (Mar 18, 2025)",186.82,-35.69,199.39,"Nov 27, 2025",119.25,"Mar 18, 2025","8,529.20","1,446.34",163.89,24.96,25.38,11.06%,,10.08%,"1,625.85","1,282.15","6,493.18",,11.98,,,
Suraj Estate Developers IPO,2023-12-18,2023-12-26,"BSE, NSE",544054,SURAJEST,400,360,10.92,19.89,9.54,11.78,340,334.5,-7.08,224.55,224.99,-37.62,230.53 (-36.17%),"398.70 (Jun 06, 2025)","209.30 (Jan 27, 2026)",230.53,-36.17,398.7,"Jun 06, 2025",209.3,"Jan 27, 2026",994.73,102.81,14.53,35.64,49.81,58.18%,21.93%,58.18%,86.11,70.29,598.5,10.49,10.1,,,
Credo Brands Marketing IPO,2023-12-19,2023-12-27,"BSE, NSE",544058,MUFTI,549.78,280,43.39,52.27,19.47,36.35,282.35,312.2,11.5,92.02,91.95,-67.14,94.77 (-66.15%),"189.00 (Jun 02, 2025)","85.31 (Jan 21, 2026)",94.77,-66.15,189,"Jun 02, 2025",85.31,"Jan 21, 2026",592.38,119.43,8.58,23.22,23.23,29.98%,28.16%,29.98%,289.88,,11.3,15.56,0.54,,,
Happy Forgings IPO,2023-12-19,2023-12-27,"BSE, NSE",544057,HAPPYFORGE,"1,008.59",850,86.32,63.14,15.02,57.89,"1,000.00","1,030.80",21.27,1299,1299.8,52.82,"1,286.60 (51.55%)","1,286.60 (Feb 12, 2026)","724.10 (Apr 07, 2025)",1286.6,51.55,"1,286.60","Feb 12, 2026",724.1,"Apr 07, 2025","1,489.80",675.73,119.3,36.45,33.56,21.12%,24.24%,21.12%,"1,103.33","1,088.25",258.97,17.44,23.32,,,
RBZ Jewellers IPO,2023-12-19,2023-12-27,"BSE, NSE",544060,RBZJEWEL,100,100,6.19,9.12,24.78,13.58,100,105,5,152.95,152.2,52.95,152.12 (52.45%),"216.67 (Feb 13, 2025)","125.50 (Apr 09, 2025)",152.12,52.45,216.67,"Feb 13, 2025",125.5,"Apr 09, 2025",234.76,125.52,12.09,13.77,16.53,27.49%,27.49%,20.08%,104.57,74.02,101.84,7.76,7.44,,,
Azad Engineering IPO,2023-12-20,2023-12-28,"BSE, NSE",544061,AZAD,740,524,72.25,90.49,23.95,57.77,720,677.5,29.29,1579.6,1579.1,201.45,"1,610.80 (208.34%)","1,899.00 (Jun 02, 2025)","1,159.45 (Apr 07, 2025)",1610.8,208.34,"1,899.00","Jun 02, 2025",1159.45,"Apr 07, 2025",636.63,169.54,26.89,292.74,57.58,4.20%,12.99%,4.23%,,221.14,324.94,3.2,1.79,,,
Innova Captab IPO,2023-12-21,2023-11-29,"BSE, NSE",544026,IREDA,570,32,42.69,22.98,7.53,27.35,50,60,87.5,123.55,123.56,286.09,125.22 (291.56%),"187.70 (Feb 21, 2025)","124.10 (Feb 12, 2026)",125.22,291.56,187.7,"Feb 21, 2025",124.1,"Feb 12, 2026","1,086.16",234.37,17.59,31.64,36.42,24.58%,22.61%,24.58%,294.27,317.51,441.9,7.34,14.16,,,
Jyoti CNC Automation IPO,2024-01-09,2024-01-16,"BSE, NSE",544081,JYOTICNC,"1,000.00",331,19.08,38.31,26.48,22.59,370,434.2,31.18,827.75,827.6,150.08,827.60 (150.08%),"1,330.00 (Jun 02, 2025)","750.00 (Feb 02, 2026)",827.6,150.08,1330,"Jun 02, 2025",750,"Feb 02, 2026","1,706.07",510.53,3.35,433.43,"1,122.83",18.35%,9.50%,18.35%,205.63,213.33,821.4,1.58,0.76,0.29,59.43,
Medi Assist Healthcare IPO,2024-01-15,2024-01-23,"BSE, NSE",544088,MEDIASSIST,"1,171.58",418,16.68,14.76,3.07,11.63,460,464.1,11.03,404.25,403.45,-3.29,403.45 (-3.29%),"594.10 (Aug 12, 2025)","385.00 (Feb 03, 2026)",403.45,-3.29,594.1,"Aug 12, 2025",385,"Feb 03, 2026",802.62,312.03,45.26,38.22,31.8,,24.95%,19.63,416.64,102.03,,14.51,10.94,13.15,0,
EPACK Durable IPO,2024-01-19,2024-01-30,"BSE, NSE",544095,EPACK,640.05,230,10.89,29.06,6.44,12.06,221,207.6,-9.74,249.95,250.06,8.67,250.06 (8.67%),"421.35 (Apr 22, 2025)","216.50 (Jan 29, 2026)",250.06,8.67,421.35,"Apr 22, 2025",216.5,"Jan 29, 2026","1,071.45",616.32,2.65,56.4,415.1,14.68%,11.85%,14.68%,478.31,,369.57,2.08,4.08,0.55,4.98,
Nova AgriTech IPO,2024-01-23,2024-01-31,"BSE, NSE",544100,NOVAAGRI,143.81,41,32.51,232.54,78.22,78.51,55,57.75,40.85,29.28,29.06,-28.59,29.06 (-28.59%),"62.84 (Jul 22, 2025)","29.00 (Feb 13, 2026)",29.06,-28.59,62.84,"Jul 22, 2025",29,"Feb 13, 2026",196.37,103.24,10.38,13.05,18.27,38.27%,27.25%,32.08%,74.23,60.97,68.5,9.73,3.14,2.24,4.06,
BLS E-Services IPO,2024-01-30,2024-02-06,"BSE, NSE",544107,BLSE,309.29,135,49.54,298.02,226.49,94.98,305,366,171.11,164.35,163.73,21.74,163.73 (21.74%),"232.50 (Jun 11, 2025)","131.31 (Apr 07, 2025)",163.73,21.74,232.5,"Jun 11, 2025",131.31,"Apr 07, 2025",213.77,158.05,14.68,44.31,60.33,33.33%,30.62%,16.46%,120.37,,0,8.36,3.05,2.24,7.2,
Apeejay Surrendra Park Hotels IPO,2024-02-05,2024-02-12,"BSE, NSE",544111,PARKHOTELS,920,155,32.47,54.14,31.25,35.19,186,203.55,31.32,126.85,126.83,-18.16,126.83 (-18.16%),"174.66 (Feb 12, 2025)","116.85 (Jan 27, 2026)",126.83,-18.16,174.66,"Feb 12, 2025",116.85,"Jan 27, 2026","1,382.51",272.31,22.95,56.33,72.05,,,9.03%,578.71,561.24,597.09,,2.75,2.15,4.87,
Capital Small Finance Bank IPO,2024-02-07,2024-02-14,"BSE, NSE",544120,CAPITALSFB,523.07,468,3.4,4.11,2.62,3.23,430.25,435,-7.05,271.8,272.7,-41.92,272.70 (-41.92%),"330.65 (Jul 22, 2025)","250.00 (Jan 22, 2026)",272.7,-41.92,330.65,"Jul 22, 2025",250,"Jan 22, 2026","8,390.69",415.22,54.39,17.68,19.35,16.45%,,15.33%,711.76,676.41,572.76,,26.48,24.19,1.81,
Jana Small Finance Bank IPO,2024-02-07,2024-02-14,"BSE, NSE",544118,JSFB,570,414,16.59,26.18,5.81,13.94,396,368.15,-11.07,387.35,388.15,-6.44,388.15 (-6.44%),"552.50 (Jun 10, 2025)","338.90 (Feb 06, 2026)",388.15,-6.44,552.5,"Jun 10, 2025",338.9,"Feb 06, 2026","28,105.87","2,215.57",213.22,15.11,10.15,16.78%,,14.40%,"2,547.11","2,225.44","5,313.54",,27.4,40.77,1.28,
Rashi Peripherals IPO,2024-02-07,2024-02-14,"BSE, NSE",544119,RPTECH,600,311,61.02,65.97,10.98,44.25,339.5,321.5,3.38,365.4,365.6,17.49,365.60 (17.49%),"408.70 (Jan 06, 2026)","245.15 (Mar 03, 2025)",365.6,17.49,408.7,"Jan 06, 2026",245.15,"Mar 03, 2025","4,058.64","5,473.27",72.02,11.75,14.23,19.33%,14.21%,17.60%,772.74,686.24,"1,395.20",1.3,26.46,21.86,1.86,
Entero Healthcare Solutions IPO,2024-02-09,2024-02-16,"BSE, NSE",544122,ENTERO,"1,600.00","1,258",1.53,0.21,1.32,1.31,"1,228.70","1,149.55",-8.62,"1,154.55","1,148.60",-8.22,"1,148.60 (-8.22%)","1,510.80 (May 26, 2025)","944.00 (Dec 29, 2025)",1148.6,-8.22,1510.8,"May 26, 2025",944,"Dec 29, 2025","1,505.95","1,898.98",11.64,0,129.75,-2.66%,6.06%,-1.86%,660.54,,488.68,4.69,0,9.7,7.22,
Vibhor Steel Tubes IPO,2024-02-13,2024-02-20,"BSE, NSE",544124,VSTL,72.17,151,75.42,770.67,197.91,221.21,425,446.25,195.53,118.55,119.36,-21.49,119.36 (-21.49%),"204.99 (Jul 08, 2025)","114.00 (Jan 20, 2026)",119.36,-21.49,204.99,"Jul 08, 2025",114,"Jan 20, 2026",376.48,531.24,8.52,10.17,16.8,25.51%,16.48%,22.60%,101.76,,160.27,1.89,14.85,8.99,2.3,
Juniper Hotels IPO,2024-02-21,2024-02-28,"BSE, NSE",544129,JUNIPER,"1,800.00",360,1.9,0.88,1.29,1.68,365,401.5,11.53,243.05,243.53,-32.49,243.53 (-32.49%),"345.55 (May 28, 2025)","205.75 (Jan 29, 2026)",243.53,-32.49,345.55,"May 28, 2025",205.75,"Jan 29, 2026","3,837.83",337.43,-26.5,,,,,-0.42%,859.67,687.17,"2,252.75",,,,,
GPT Healthcare IPO,2024-02-22,2024-02-29,"BSE, NSE",544131,GPTHEALTH,525.14,186,7.57,11.03,2.35,6.26,215,200.7,7.9,127.75,127.91,-31.32,127.91 (-31.32%),"185.00 (Aug 05, 2025)","123.32 (Feb 03, 2026)",127.91,-31.32,185,"Aug 05, 2025",123.32,"Feb 03, 2026",332.09,206.7,23.49,38.1,32.49,23.59%,26.09%,23.77%,171.43,92.75,55.57,10.64,4.88,0,9.06,
Exicom Tele-Systems IPO,2024-02-27,2024-03-05,"BSE, NSE",544133,EXICOM,429,142,56.23,158.82,121.61,78.16,265,224.95,58.42,97,96.53,-31.69,96.53 (-31.69%),"208.65 (Jun 11, 2025)","93.20 (Feb 02, 2026)",96.53,-31.69,208.65,"Jun 11, 2025",93.2,"Feb 02, 2026",629.41,467.21,27.46,217.63,31.24,13.38%,10.92%,2.75%,311.4,204.95,72.84,4.3,0.65,4.55,5.63,
Platinum Industries IPO,2024-02-27,2024-03-05,"BSE, NSE",544134,PLATIND,235.32,171,61.19,141.66,50.17,69.4,225,221.2,29.36,241.55,241.41,41.26,241.41 (41.26%),"342.40 (Sep 17, 2025)","213.00 (Jan 12, 2026)",241.41,41.26,342.4,"Sep 17, 2025",213,"Jan 12, 2026",137.72,123.73,22.84,18.73,20.57,90.02%,56.85%,61.26%,85.04,44.86,11.46,9.32,9.13,8.31,11.13,
Mukka Proteins IPO,2024-02-29,2024-03-07,"BSE, NSE",544135,MUKKA,224,28,76.64,246.54,57.27,95.35,40,42.25,50.89,24.86,24.92,-11.21,24.92 (-11.21%),"36.73 (Mar 18, 2025)","20.16 (Jan 21, 2026)",24.92,-11.21,36.73,"Mar 18, 2025",20.16,"Jan 21, 2026",641.18,612.88,32.98,12.96,12.73,36.71%,17.62%,34.19%,159.11,144.92,317.73,4.04,2.16,2.2,4.78,
R K SWAMY IPO,2024-03-04,2024-03-12,"BSE, NSE",544136,RKSWAMY,423.56,288,8.85,34.16,33.33,14.81,250,262.6,-8.82,105.55,106.73,-63.35,106.73 (-63.35%),"248.04 (Mar 24, 2025)","97.50 (Jan 21, 2026)",106.73,-63.35,248.04,"Mar 24, 2025",97.5,"Jan 21, 2026",252.23,142.55,7.93,40.96,91.63,16.47%,6.29%,5.41%,146.66,28.85,51.05,5.56,7.03,3.14,8.73,
J.G.Chemicals IPO,2024-03-05,2024-03-13,"BSE, NSE",544138,JGCHEM,251.19,221,13.41,47.72,17.59,20.02,209,184.8,-16.38,381.15,378.4,72.47,378.40 (72.47%),"558.00 (Jul 21, 2025)","280.45 (Apr 07, 2025)",378.4,72.47,558,"Jul 21, 2025",280.45,"Apr 07, 2025",271.26,491.1,18.51,16.25,20.08,8.20%,11.86%,8.16%,217.86,193.22,,7.24,13.6,11.01,3.51,
Gopal Snacks IPO,2024-03-06,2024-03-14,"BSE, NSE",544140,GOPALSNACK,650,401,7.99,9.95,4.08,6.88,351,362.7,-9.55,299.2,299.45,-25.39,299.45 (-25.39%),"398.00 (Sep 10, 2025)","255.90 (Mar 17, 2025)",299.45,-25.39,398,"Sep 10, 2025",255.9,"Mar 17, 2025",434.54,677.97,55.57,44.47,44.96,16.05%,20.83%,16.05%,346.1,333.17,26.05,8.22,9.02,8.92,14.43,
Popular Vehicles IPO,2024-03-12,2024-03-19,"BSE, NSE",544144,PVSL,601.55,295,1.52,0.66,1.03,1.22,289.2,276.15,-6.39,105.9,105.98,-64.1,105.98 (-64.1%),"163.00 (Oct 16, 2025)","86.75 (Apr 21, 2025)",105.98,-64.1,163,"Oct 16, 2025",86.75,"Apr 21, 2025","1,941.78","2,848.21",40.04,28.88,26.22,10.42%,8.83%,10.42%,384.21,371.67,764.61,1.41,10.22,11.25,4.82,
Krystal Integrated IPO,2024-03-14,2024-03-21,"BSE, NSE",544149,KRYSTAL,300.12,715,3.54,45.38,3.32,9.74,785,712.85,-0.3,627.1,626.25,-12.29,626.25 (-12.29%),"729.50 (Sep 03, 2025)","415.60 (Feb 18, 2025)",626.25,-12.29,729.5,"Sep 03, 2025",415.6,"Feb 18, 2025",449.83,455.67,20.56,21.45,24.3,11.71%,16.97%,11.21%,183.68,170.09,103.36,4.56,33.33,29.42,4.49,
SRM Contractors IPO,2024-03-26,2024-04-03,"BSE, NSE",544158,SRM,130.2,210,23.91,214.68,45.86,60.21,215.25,226,7.62,391.65,392,86.5,392.00 (86.5%),"649.95 (Nov 17, 2025)","287.05 (Mar 04, 2025)",392,86.5,649.95,"Nov 17, 2025",287.05,"Mar 04, 2025",168.87,242.28,21.07,18.76,17.15,,29.43%,25.02%,37.24,67.48,42.32,8.98,11.2,12.24,4.17,
Bharti Hexacom IPO,2024-04-03,2024-04-12,"BSE, NSE",544162,BHARTIHEXA,"4,275.00",570,20.07,10.28,2.74,16.87,755,813.3,42.68,"1,672.30","1,668.70",193.39,"1,668.70 (193.39%)","2,052.90 (Jul 01, 2025)","1,234.00 (Feb 27, 2025)",1668.7,193.39,2052.9,"Jul 01, 2025",1234,"Feb 27, 2025","19,603.00","5,420.80",281.8,51.89,75.85,,,7.08%,"3,978.80","4,166.10","6,253.00",,10.98,7.51,6.45,
JNK India IPO,2024-04-23,2024-04-30,"BSE, NSE",544167,JNKINDIA,649.47,415,31.58,19.92,4.17,20.24,621,694.55,67.36,241.55,241.38,-41.8,241.38 (-41.8%),"480.00 (Feb 12, 2025)","200.92 (Jan 28, 2026)",241.38,-41.8,480,"Feb 12, 2025",200.92,"Jan 28, 2026",453.39,256.76,46.21,43.32,37.46,31.79%,34.73%,31.79%,168.56,158.88,56.73,18.24,9.58,11.08,11.92,
Indegene IPO,2024-05-06,2024-05-13,"BSE, NSE",544172,INDGN,"1,841.76",452,77.5,56.44,8.25,49.75,655,570.9,26.31,474.75,474.7,5.03,474.70 (5.03%),"632.90 (Jun 03, 2025)","455.60 (Jan 27, 2026)",474.7,5.03,632.9,"Jun 03, 2025",455.6,"Jan 27, 2026","2,518.15","1,969.75",241.9,37.78,33.53,,,18.23%,"1,327.00","1,282.65",399.33,12.62,11.96,13.48,7.55,
Aadhar Housing Finance IPO,2024-05-08,2024-05-15,"BSE, NSE",544176,AADHARHFC,"3,000.00",315,31.13,17.31,2.52,19,315,329.45,4.59,466.25,466.65,48.02,466.65 (48.02%),"547.80 (Sep 24, 2025)","361.60 (Feb 25, 2025)",466.65,48.02,547.8,"Sep 24, 2025",361.6,"Feb 25, 2025","18,035.57","1,895.17",547.88,22.8,18.39,18.40%,,12.90%,"4,249.10",,"13,127.59",,13.81,17.13,2.93,
TBO Tek IPO,2024-05-08,2024-05-15,"BSE, NSE",544174,TBOTEK,"1,550.81",920,50.73,50.59,25.94,48.14,"1,426.00","1,406.30",52.86,"1,516.10","1,520.50",64.79,"1,520.50 (64.79%)","1,764.80 (Nov 21, 2025)","996.00 (Apr 07, 2025)",1520.5,64.79,1764.8,"Nov 21, 2025",996,"Apr 07, 2025","3,754.05","1,039.56",154.18,64.58,48.6,,,30.76,501.21,478.43,2.93,,14.25,18.93,18.66,
Go Digit General Insurance IPO,2024-05-15,2024-05-23,"BSE, NSE",544179,GODIGIT,"2,614.65",272,5.61,7.23,4.08,5.7,286,306,12.5,322.4,322.6,18.53,322.60 (18.53%),"381.40 (Sep 24, 2025)","264.60 (Apr 07, 2025)",322.6,18.53,381.4,"Sep 24, 2025",264.6,"Apr 07, 2025","3,619.95",130.83,129.02,670.31,145.03,,,5.25%,"2,459.34","2,391.97",200,,0.41,1.88,9.67,
Awfis Space Solutions IPO,2024-05-22,2024-05-30,"BSE, NSE",544181,AWFIS,598.93,383,47.18,130.09,53.74,60.05,421,402.95,5.21,324.1,323.95,-15.38,323.95 (-15.38%),"718.95 (Jun 06, 2025)","356.40 (Feb 06, 2026)",323.95,-15.38,718.95,"Jun 06, 2025",356.4,"Feb 06, 2026","1,352.25",633.69,-18.94,,,,37.43%,-7.66%,247.19,-265.56,23.72,-2.99,,,9.63,
Kronox Lab Sciences IPO,2024-06-03,2024-06-10,"BSE, NSE",544187,KRONOX,130.15,136,35.53,304.26,54.9,82.62,151.35,151.35,11.29,122.2,122.36,-10.15,122.36 (-10.15%),"207.49 (Jul 07, 2025)","118.00 (Jan 21, 2026)",122.36,-10.15,207.49,"Jul 07, 2025",118,"Jan 21, 2026",66.96,68.44,15.47,30.37,24.47,25.66%,33.15%,25.66%,60.28,15.56,,22.6,4.48,5.56,8.37,
Le Travenues Technology IPO,2024-06-10,2024-06-18,"BSE, NSE",544192,IXIGO,740.1,93,43.1,110.89,54.44,54.4,138.1,165.72,78.19,196.2,196.8,110.97,196.80 (110.97%),"339.15 (Oct 16, 2025)","117.00 (Mar 04, 2025)",196.8,110.97,339.15,"Oct 16, 2025",117,"Mar 04, 2025",678.71,497.1,65.71,148.87,41.12,,,15.26%,437.13,399.83,43.36,,0.62,2.26,8.14,
Akme Fintrade IPO,2024-06-19,2024-06-26,"BSE, NSE",544200,AFIL,132,120,11.68,130.98,45.75,39.44,127,133.35,11.12,4.95,4.98,-58.75,4.98 (-58.75%),"10.16 (Apr 17, 2025)","3.92 (Feb 02, 2026)",4.98,-58.75,10.16,"Apr 17, 2025",3.92,"Feb 02, 2026",417.96,53.45,12.25,,,5.64%,,5.81%,217.01,185.34,195.19,22.93,3.87,,,
DEE Development Engineers IPO,2024-06-19,2024-06-26,"BSE, NSE",544198,DEEDEV,418.01,203,83.87,147.1,24.89,72.53,339,335.32,65.18,205,205.53,0.99,205.53 (0.99%),"336.20 (Jul 02, 2025)","167.00 (Feb 18, 2025)",205.53,0.99,336.2,"Jul 02, 2025",167,"Feb 18, 2025","1,171.01",557.86,14.34,83,73.33,,3.91%,3.35%,428.19,380.23,407.14,2.63,2.45,2.77,2.46,
Stanley Lifestyles IPO,2024-06-21,2024-06-28,"BSE, NSE",544202,STANLEY,537.02,369,86.67,121.66,19.27,68.33,494.95,474.75,28.66,168.2,168.21,-54.42,168.21 (-54.42%),"377.50 (Jun 09, 2025)","167.00 (Feb 13, 2026)",168.21,-54.42,377.5,"Jun 09, 2025",167,"Feb 13, 2026",581.54,322.29,18.7,54.43,84.4,7.92%,8.63%,8.34%,237.21,225.83,30.9,5.97,6.78,4.37,8.03,
Allied Blenders IPO,2024-06-25,2024-07-02,"BSE, NSE",544203,ABDL,"1,500.00",281,21.76,34.06,4.73,17.61,320,317.9,13.13,529.3,529.15,88.36,529.15 (88.36%),"696.80 (Nov 04, 2025)","279.00 (Apr 07, 2025)",529.15,88.36,696.8,"Nov 04, 2025",279,"Apr 07, 2025","2,741.39","5,914.98",4.23,"4,284.57","1,393.87",1.03%,24.35%,1.03%,409.26,360.43,798.11,0.05,0.07,0.2,16.77,
Vraj Iron IPO,2024-06-26,2024-07-03,"BSE, NSE",544204,VRAJ,171,207,69.92,221.52,57.55,88.33,240,252,21.74,128.05,128.57,-38.14,128.57 (-38.14%),"194.19 (May 15, 2025)","119.00 (Jan 27, 2026)",128.57,-38.14,194.19,"May 15, 2025",119,"Jan 27, 2026",253.05,304.81,44.58,9.48,11.49,23.78%,25.34%,23.78%,187.5,162.78,49.3,3.61,21.84,18.02,2.73,
Bansal Wire Industries IPO,2024-07-03,2024-07-10,"BSE, NSE",544209,BANSALWIRE,745,256,62.01,54.16,14.16,44.08,356,350.35,36.86,276,275.7,7.81,275.70 (7.81%),"434.30 (Jul 22, 2025)","252.30 (Jan 27, 2026)",275.7,7.81,434.3,"Jul 22, 2025",252.3,"Jan 27, 2026","1,264.01","2,470.89",78.8,41.41,50.86,21.19%,18.46%,18.27%,422.37,358.64,681.14,3.19,6.18,5.03,7.72,
Emcure Pharmaceuticals IPO,2024-07-03,2024-07-10,"BSE, NSE",544210,EMCURE,"1,952.03","1,008",76.95,49.21,7.23,48.13,"1,325.05","1,359.15",34.84,"1,488.65","1,488.70",47.68,"1,488.70 (47.68%)","1,585.60 (Jan 19, 2026)","889.00 (Apr 07, 2025)",1488.7,47.68,1585.6,"Jan 19, 2026",889,"Apr 07, 2025","7,806.16","6,715.24",527.58,34.55,36.07,16.90%,19.37%,16.87%,"2,952.28","2,722.40","2,091.94",7.86,29.17,27.95,6.18,
Sanstar IPO,2024-07-19,2024-07-26,"BSE, NSE",544217,SANSTAR,510.15,95,58.84,135.23,23.54,57.94,109,115.07,21.13,89.51,89.12,-5.78,89.12 (-5.78%),"109.75 (Feb 12, 2025)","80.00 (Apr 07, 2025)",89.12,-5.78,109.75,"Feb 12, 2025",80,"Apr 07, 2025",527.57,"1,081.68",66.77,19.98,25.93,30.92%,24.43%,30.92%,215.91,225.18,127.64,6.17,4.75,3.66,6.18,
Akums Drugs IPO,2024-07-30,2024-08-06,"BSE, NSE",544222,AKUMS,"1,856.74",679,36.57,42.15,21.02,35.54,725,796.25,17.27,450.65,451.35,-33.63,451.35 (-33.63%),"622.95 (May 27, 2025)","405.00 (Apr 07, 2025)",451.35,-33.63,622.95,"May 27, 2025",405,"Apr 07, 2025","3,516.37","4,212.21",0.79,,,0.11%,3.37%,-0.57,709.5,861.01,491.56,0.02,,0.05,13.69,
Ceigall India IPO,2024-08-01,2024-08-08,"BSE, NSE",544223,CEIGALL,"1,252.66",401,13.13,14.85,3.89,10.14,419,386.75,-3.55,289.1,289.65,-27.91,289.65 (-27.91%),"307.90 (Feb 10, 2026)","222.61 (Dec 09, 2025)",289.65,-27.91,307.9,"Feb 10, 2026",222.61,"Dec 09, 2025","2,592.19","3,066.19",304.91,20.67,22.91,33.57%,31.98%,33.57%,906.41,,"1,811.02",10.05,19.4,17.5,6.95,
Ola Electric Mobility IPO,2024-08-02,2024-08-09,"BSE, NSE",544225,OLAELEC,"6,145.56",76,2.84,2.2,3.86,2.85,76,91.2,20,30.9,30.89,-59.34,30.89 (-59.34%),"71.25 (Sep 04, 2025)","30.41 (Feb 13, 2026)",30.89,-59.34,71.25,"Sep 04, 2025",30.41,"Feb 13, 2026","7,735.41","5,243.27","-1,584.40",-17.69,-21.16,,,-78.46%,"2,019.34","-2,882.54","2,389.21",,-4.3,-3.59,13.72,
Brainbees Solutions IPO,2024-08-06,2024-08-13,"BSE, NSE",544226,FIRSTCRY,"4,193.73",465,8.32,4.69,2.38,7.17,651,679.1,46.04,269.75,269.8,-41.99,269.80 (-41.99%),"438.70 (Sep 08, 2025)","254.50 (Jan 27, 2026)",269.8,-41.99,438.7,"Sep 08, 2025",254.5,"Jan 27, 2026","7,510.38","6,575.08",-321.51,-69.91,-75.09,,,-8.65%,"3,170.74","3,081.74",462.72,,-6.65,-6.19,6.49,
Unicommerce eSolutions IPO,2024-08-06,2024-08-13,"BSE, NSE",544227,UNIECOM,276.57,108,55.83,254.2,136.56,93.66,235,210.08,94.52,101.25,100.96,-6.25,100.96 (-6.25%),"155.80 (Sep 04, 2025)","95.40 (Feb 13, 2026)",100.96,-6.25,155.8,"Sep 04, 2025",95.4,"Feb 13, 2026",109.11,109.43,13.08,84.59,84.59,17.36%,25.93%,18.98%,68.91,45.87,,12.63,1.28,1.28,15.81,
Saraswati Saree Depot IPO,2024-08-12,2024-08-20,"BSE, NSE",544230,SSDL,160.01,160,63.3,360.72,64.8,108.44,194,203.7,27.31,75,74,-53.12,74.00 (-53.12%),"121.03 (Feb 17, 2025)","62.90 (Feb 02, 2026)",74,-53.12,121.03,"Feb 17, 2025",62.9,"Feb 02, 2026",205.94,612.58,29.53,17.94,21.46,58.88,64.46,45.49,64.91,,43.49,4.83,8.92,7.46,8.16,
Interarch Building Products IPO,2024-08-19,2024-08-26,"BSE, NSE",544232,INTERARCH,600.29,900,79.44,127.48,20.4,65.75,"1,220.00","1,196.45",32.94,"1,926.05","1,924.30",114.01,"1,924.30 (114.01%)","2,762.60 (Nov 10, 2025)","1,264.00 (Apr 07, 2025)",1924.3,114.01,2762.6,"Nov 10, 2025",1264,"Apr 07, 2025",755.01,"1,306.32",86.26,15.04,17.36,19.40%,25.79%,22.26%,262.65,,3.36,7.2,59.84,51.85,0,
Orient Technologies IPO,2024-08-21,2024-08-28,"BSE, NSE",544235,ORIENTTECH,214.76,206,75.42,302.28,66.68,106.39,288,302.4,46.8,334.6,335.35,62.43,335.35 (62.43%),"466.73 (Oct 07, 2025)","267.45 (Mar 18, 2025)",335.35,62.43,466.73,"Oct 07, 2025",267.45,"Mar 18, 2025",311.14,606.86,41.45,17.8,20.7,27.26,28.42,23.64,175.31,138.79,4.82,6.87,11.57,9.95,4.21,
Premier Energies IPO,2024-08-27,2024-09-03,"BSE, NSE",544238,PREMIERENE,"2,830.40",450,85.49,50.73,7.59,52.82,990,839.9,86.64,758.9,759.2,68.64,759.20 (68.64%),"1,163.90 (May 19, 2025)","660.00 (Feb 01, 2026)",759.2,68.64,1163.9,"May 19, 2025",660,"Feb 01, 2026","3,735.50","1,668.79",198.16,82.09,25.59,43.73%,25.65%,37.46%,26.96,255.73,"1,200.16",7.3,5.48,17.58,30.76,
ECOS Mobility IPO,2024-08-28,2024-09-04,"BSE, NSE",544239,ECOSMOBLTY,601.2,334,55.38,70.23,19.31,44.98,390,443.15,32.68,172.95,173.13,-48.22,173.13 (-48.22%),"358.40 (Jul 23, 2025)","165.00 (Apr 07, 2025)",173.13,-48.22,358.4,"Jul 23, 2025",165,"Apr 07, 2025",296.66,568.21,62.53,32.05,32.05,42.75%,42.88%,42.75%,177.41,165.41,21.72,11,10.42,10.42,11.3,
Baazar Style Retail IPO,2024-08-30,2024-09-06,"BSE, NSE",544243,BZRSTYL,834.68,389,33.32,59.53,9.36,28.83,389,400,2.83,354.75,353.65,-8.8,353.65 (-8.8%),"392.00 (Oct 03, 2025)","181.00 (Feb 18, 2025)",353.65,-8.8,392,"Oct 03, 2025",181,"Feb 18, 2025","1,165.97",982.83,21.94,125.54,132.28,10.74%,18.39%,10.32%,212.56,180.2,178.23,2.23,3.1,2.94,12.78,
Gala Precision Engineering IPO,2024-09-02,2024-09-09,"BSE, NSE",544244,GALAPREC,167.93,529,92.68,425.84,102.38,145.78,721.1,757.15,43.13,785.6,793,48.51,793.00 (48.51%),"1,080.00 (Feb 19, 2025)","677.75 (Jan 28, 2026)",793,48.51,1080,"Feb 19, 2025",677.75,"Jan 28, 2026",188.69,204.38,22.33,23.95,30.01,23.59%,19.91%,21.38%,104.45,94.67,55.03,11.89,22.09,17.63,5.12,
Shree Tirupati Balajee Agro IPO,2024-09-05,2024-09-12,"BSE, NSE",544249,STBAL,169.65,83,60.56,209.02,71.62,86.7,90,94.5,13.86,34.32,34.12,-58.65,34.12 (-58.65%),"65.64 (Feb 11, 2025)","31.91 (Feb 03, 2026)",34.12,-58.65,65.64,"Feb 11, 2025",31.91,"Feb 03, 2026",516.94,552.82,36.07,15.37,18.77,20.84%,16.29%,20.84%,173.07,106.24,243.69,6.53,5.4,4.42,3.01,
Bajaj Housing Finance IPO,2024-09-09,2024-09-16,"BSE, NSE",544252,BAJAJHFL,"6,560.00",70,89.67,42.85,7.54,49.63,150,165,135.71,89.29,89.29,27.56,89.29 (27.56%),"136.96 (Apr 24, 2025)","87.11 (Feb 02, 2026)",89.29,27.56,136.96,"Apr 24, 2025",87.11,"Feb 02, 2026","88,538.83","2,208.73",482.61,31.62,30.2,,,3.60%,"14,719.91","4,252.83","73,347.06",,2.21,2.32,3.72,
Kross IPO,2024-09-09,2024-09-16,"BSE, NSE",544253,KROSS,500,240,10.44,23.36,11.48,12.74,240,259.81,8.25,216.4,216.34,-9.83,216.34 (-9.83%),"237.60 (Sep 18, 2025)","150.06 (Apr 07, 2025)",216.34,-9.83,237.6,"Sep 18, 2025",150.06,"Apr 07, 2025",352,621.46,44.88,28.93,34.5,30.57%,28.15%,30.57%,146.81,119.76,117.9,7.22,8.3,6.96,8.84,
Tolins Tyres IPO,2024-09-09,2024-09-16,"BSE, NSE",544254,TOLINS,230,226,11.43,28.72,22.31,17.83,228,239.4,5.93,129,128.83,-42.92,128.83 (-42.92%),"202.00 (Sep 12, 2025)","107.72 (Mar 04, 2025)",128.83,-42.92,202,"Sep 12, 2025",107.72,"Mar 04, 2025",221.6,228.69,26.01,26.64,34.33,25.87%,36.08%,25.87%,100.53,85.07,78.77,11.45,8.48,6.58,6.14,
P N Gadgil Jewellers IPO,2024-09-10,2024-09-17,"BSE, NSE",544256,PNGJL,"1,100.00",480,58.18,58.89,17.73,44.13,830,793.3,65.27,566.85,566.95,18.09,566.95 (18.09%),"701.40 (Oct 21, 2025)","473.80 (Apr 07, 2025)",566.95,18.09,701.4,"Oct 21, 2025",473.8,"Apr 07, 2025","1,464.98","6,119.10",154.34,36.7,42.2,28.88%,27.31%,28.88%,534.38,,396.5,2.53,13.08,11.37,10.6,
Western Carriers IPO,2024-09-13,2024-09-24,"BSE, NSE",544258,WCIL,492.88,172,12.01,46.53,27.21,22.51,171,159.44,-7.3,120.15,120.46,-30.15,120.46 (-30.15%),"147.29 (Sep 22, 2025)","65.10 (Apr 07, 2025)",120.46,-30.15,147.29,"Sep 22, 2025",65.1,"Apr 07, 2025",754.01,"1,691.41",80.35,16.85,21.83,22.41%,29.23%,20.17%,398.36,359.01,266,4.77,10.21,7.88,3.4,
Arkade Developers IPO,2024-09-16,2024-09-24,"BSE, NSE",544261,ARKADE,410,128,69.48,174.23,58.03,80.78,175,165.86,29.58,121.55,121.27,-5.04,121.27 (-5.04%),"213.69 (Jul 18, 2025)","107.96 (Jan 29, 2026)",121.27,-5.04,213.69,"Jul 18, 2025",107.96,"Jan 29, 2026",575.01,635.71,122.81,16.01,19.35,46.90%,47.34%,46.90%,323.4,171.4,69.41,19.35,7.99,6.61,6.02,
Northern Arc Capital IPO,2024-09-16,2024-09-24,"BSE, NSE",544260,NORTHARC,777,263,97.41,149.32,32.85,80.97,350,323.4,22.97,251.9,252.05,-4.22,252.05 (-4.22%),"290.00 (Oct 06, 2025)","141.47 (Apr 07, 2025)",252.05,-4.22,290,"Oct 06, 2025",141.47,"Apr 07, 2025","11,707.66","1,906.03",317.69,11.78,13.36,,,13.32%,"2,314.35","2,123.37","9,047.76",,22.32,19.69,1.49,
Manba Finance IPO,2024-09-23,2024-09-30,"BSE, NSE",544262,MANBA,150.84,120,58,511.91,139.75,154.7,150,157.45,31.21,124.55,124.09,3.79,124.09 (3.79%),"159.50 (Jun 25, 2025)","119.00 (Mar 03, 2025)",124.09,3.79,159.5,"Jun 25, 2025",119,"Mar 03, 2025",973.75,191.63,31.42,14.39,19.19,21.36%,19.39%,15.66%,200.61,162.46,752.27,,8.34,6.25,2.25,
KRN Heat Exchanger IPO,2024-09-25,2024-10-03,"BSE, NSE",544263,KRN,341.95,220,102.4,428.12,101.07,151.95,480,478.79,117.63,716.55,715.2,225.7,715.20 (225.7%),"1,010.00 (Mar 05, 2025)","589.80 (Jan 27, 2026)",715.2,225.7,1010,"Mar 05, 2025",589.8,"Jan 27, 2026",258.36,313.54,39.07,24.78,33.52,40.86%,31.21%,29.68%,131.65,,59.69,12.67,8.88,6.56,,
Diffusion Engineers IPO,2024-09-26,2024-10-04,"BSE, NSE",544264,DIFFNKG,157.96,168,38.77,76.42,83.84,59.88,193.5,203.17,20.93,270.75,271.06,61.16,271.06 (61.16%),"418.20 (Sep 11, 2025)","231.85 (Apr 30, 2025)",271.06,61.16,418.2,"Sep 11, 2025",231.85,"Apr 30, 2025",275.59,285.56,30.8,15.28,20.41,18.52%,20.63%,18.52%,190.7,163.03,34.44,10.79,10.99,8.23,2.47,
Garuda Construction IPO,2024-10-08,2024-10-15,"BSE, NSE",544271,GARUDA,264.1,95,1.13,8.93,10.56,5.6,105,106.36,11.96,204,203.53,114.74,203.53 (114.74%),"249.30 (Nov 07, 2025)","87.50 (May 09, 2025)",203.53,114.74,249.3,"Nov 07, 2025",87.5,"May 09, 2025",234.84,11.88,3.5,19.49,21.03,36.14%,46.69%,30.62%,122.51,85.16,0.15,23.63,4.87,4.52,5.97,
Hyundai Motor IPO,2024-10-15,2024-10-22,"BSE, NSE",544274,HYUNDAI,"27,858.75","1,960",3.4,0.57,0.44,1.93,"1,934.00","1,819.60",-7.16,"2,175.80","2,179.50",11.01,"2,179.50 (11.01%)","2,890.00 (Sep 22, 2025)","1,541.70 (Apr 07, 2025)",2179.5,11.01,2890,"Sep 22, 2025",1541.7,"Apr 07, 2025","25,370.24","17,567.98","1,489.65",26.28,26.73,,13.69%,12.26%,"12,148.71","11,336.17",758.14,8.5,74.58,73.33,14.93,
Deepak Builders IPO,2024-10-21,2024-10-28,"BSE, NSE",544276,DBEIL,260.04,203,6.03,81.74,38.95,28.91,200,161.95,-20.22,89.58,89.39,-55.87,89.39 (-55.87%),"185.60 (Sep 29, 2025)","84.31 (Feb 02, 2026)",89.39,-55.87,185.6,"Sep 29, 2025",84.31,"Feb 02, 2026",641.1,106.34,14.21,12.06,16.63,8.48%,8.97%,9.57%,155.81,138.23,153.17,13.52,16.84,12.2,4.68,
Waaree Energies IPO,2024-10-21,2024-10-28,"BSE, NSE",544277,WAAREEENER,"4,321.44","1,503",86.51,64.65,11.06,55.98,"2,500.00","2,338.90",55.62,"3,096.85","3,096.20",106.04,"3,096.20 (106.04%)","3,865.00 (Sep 12, 2025)","1,863.00 (Apr 07, 2025)",3096.2,106.04,3865,"Sep 12, 2025",1863,"Apr 07, 2025","11,989.48","3,496.41",401.13,30.87,26.76,8.79%,9.45%,8.81%,"4,471.71","4,221.69",261.24,11.47,48.69,56.16,8.84,
Godavari Biorefineries IPO,2024-10-23,2024-10-30,"BSE, NSE",544279,GODAVARIB,554.75,352,1.77,0.89,1.68,1.61,308,343.2,-2.5,284.25,284.3,-19.25,284.30 (-19.25%),"348.70 (Jul 24, 2025)","145.00 (Mar 28, 2025)",284.3,-19.25,348.7,"Jul 24, 2025",145,"Mar 28, 2025","1,554.62",525.27,-26.11,120.04,-17.25,-11.16%,-2.35%,-11.16%,233.84,432.34,703.75,-4.97,2.93,-20.4,6.31,
Afcons Infrastructure IPO,2024-10-25,2024-11-04,"BSE, NSE",544280,AFCONS,"5,430.00",463,2.19,5.23,0.94,2.2,426,474.2,2.42,331.95,332.25,-28.3,332.25 (-28.3%),"498.70 (Mar 24, 2025)","319.00 (Jan 29, 2026)",332.25,-28.3,498.7,"Mar 24, 2025",319,"Jan 29, 2026","17,184.58","3,213.47",91.59,35.08,46.48,10.55%,14.89%,2.50%,"3,662.25","3,342.52","3,365.10",2.85,13.2,9.96,4.31,
Sagility India IPO,2024-11-05,2024-11-12,"BSE, NSE",544282,SAGILITY,"2,106.40",30,2.04,1.88,3.98,2.2,31.06,29.32,-2.27,47.35,47.33,57.83,47.33 (57.83%),"57.89 (Oct 30, 2025)","37.60 (Jun 16, 2025)",47.33,57.83,57.89,"Oct 30, 2025",37.6,"Jun 16, 2025","10,388.01","1,247.76",22.29,61.52,61.52,,,0.29,"7,608.16","2,704.28",943.91,11.83,0.49,0.49,2,
ACME Solar Holdings IPO,2024-11-06,2024-11-13,"BSE, NSE",544283,ACMESOLAR,"2,900.00",289,2.12,0.95,3.12,2.04,251,253.15,-12.4,224.7,224.64,-22.25,224.64 (-22.25%),"324.30 (Sep 15, 2025)","171.99 (Feb 17, 2025)",224.64,-22.25,324.3,"Sep 15, 2025",171.99,"Feb 17, 2025","13,985.14",340.01,1.39,21.63,"3,147.37",2.93,,0.07,"1,942.12","1,837.68","9,319.91",47.59,13.36,0.09,7.77,
Swiggy IPO,2024-11-06,2024-11-13,"BSE, NSE",544285,SWIGGY,"11,327.43",390,3.01,0.39,1.06,2.42,420,456,16.92,337.5,337.65,-13.46,337.65 (-13.46%),"474.00 (Sep 19, 2025)","297.00 (May 13, 2025)",337.65,-13.46,474,"Sep 19, 2025",297,"May 13, 2025","10,341.24","3,310.11",-611.01,-35.23,-35.72,,,-8.21%,"7,444.99","-7,750.85",256.61,,-11.07,-10.92,11.6,
Niva Bupa Health Insurance IPO,2024-11-07,2024-11-14,"BSE, NSE",544286,NIVABUPA,"2,200.00",74,1.49,0.7,2.77,1.5,78.5,74,0,76.22,76.24,3,76.24 (3%),"95.21 (May 19, 2025)","68.54 (Apr 07, 2025)",76.24,3,95.21,"May 19, 2025",68.54,"Apr 07, 2025","6,542.06","1,124.90",-18.82,153.7,-177.74,,,-0.92,"2,031.77","1,282.44",250,,0.48,-0.42,6.14,
Zinka Logistics Solutions IPO,2024-11-13,2024-11-22,"BSE, NSE",544288,BLACKBUCK,"1,114.72",273,1.53,0.23,1.6,1.34,279.05,260.2,-4.69,635.75,634.9,132.88,634.90 (132.88%),"748.00 (Oct 21, 2025)","373.20 (Apr 09, 2025)",634.9,132.88,748,"Oct 21, 2025",373.2,"Apr 09, 2025",629.41,98.33,32.38,-22,37.2,9.39%,1.50%,9.39%,344.98,339.07,161.01,,-12.41,7.34,14.6,
NTPC Green Energy IPO,2024-11-19,2024-11-27,"BSE, NSE",544289,NTPCGREEN,"10,000.00",108,2.01,0.84,3.6,1.91,111.5,121.65,12.64,89.01,89.01,-17.58,89.01 (-17.58%),"117.64 (May 22, 2025)","84.05 (Feb 02, 2026)",89.01,-17.58,117.64,"May 22, 2025",84.05,"Feb 02, 2026","32,408.30","1,132.74",175.3,234.97,259.56,7.39%,,2.14%,"8,189.18",596.08,"17,057.50",16.2,0.46,0.42,9.89,
Enviro Infra Engineers IPO,2024-11-22,2024-11-29,"BSE, NSE",544290,EIEL,650.3,148,63.5,152.57,23.86,62.85,220,207.07,39.91,167.1,167.01,12.91,167.01 (12.91%),"306.40 (Jul 18, 2025)","163.21 (Jan 27, 2026)",167.01,12.91,306.4,"Jul 18, 2025",163.21,"Jan 27, 2026",812.87,207.46,30.78,18.32,21.1,51.68%,32.34%,37.83%,323,186.29,305.59,15.17,8.08,7.01,6.89,
Suraksha Diagnostic IPO,2024-11-29,2024-12-06,"BSE, NSE",544293,SURAKSHA,846.25,441,1.31,1.39,0.88,1.17,438,441,0,284.15,285.15,-35.57,285.15 (-35.57%),"352.50 (Jun 25, 2025)","231.00 (Mar 04, 2025)",285.15,-35.57,352.5,"Jun 25, 2025",231,"Mar 04, 2025",314.2,61.85,7.67,99.31,74.89,14.09%,21.46%,14.09%,187.05,176.8,7.57,10.57,4.44,5.89,13.1,
One Mobikwik Systems IPO,2024-12-11,2024-12-18,"BSE, NSE",544305,MOBIKWIK,572,279,50.81,114.38,143.52,69.61,440,528,89.25,212.3,212.17,-23.91,212.17 (-23.91%),"367.60 (Feb 13, 2025)","190.62 (Jan 27, 2026)",212.17,-23.91,367.6,"Feb 13, 2025",190.62,"Jan 27, 2026",908.1,345.83,-6.62,113.32,-86.75,,,8.66%,158.65,147.21,206.34,,2.46,-3.22,9.81,
Sai Life Sciences IPO,2024-12-11,2024-12-18,"BSE, NSE",544306,SAILIFE,"3,042.62",549,12.54,4.99,1.36,7.5,650,764.65,39.28,915.6,914.85,66.78,914.85 (66.78%),"983.35 (Jan 07, 2026)","636.10 (Apr 09, 2025)",914.85,66.78,983.35,"Jan 07, 2026",636.1,"Apr 09, 2025","2,476.78",693.35,28.01,126.42,203.82,11.79%,15.96%,8.13%,"1,044.75","1,025.44",764.49,5.65,4.34,2.69,10.18,
Vishal Mega Mart IPO,2024-12-11,2024-12-18,"BSE, NSE",544307,VMM,"8,000.00",78,34.65,14.96,2.44,20.42,104,111.93,43.5,121.85,121.91,56.22,121.91 (56.22%),"157.60 (Aug 26, 2025)","95.99 (Feb 28, 2025)",121.91,56.22,157.6,"Aug 26, 2025",95.99,"Feb 28, 2025","9,551.75","5,053.42",254.14,76.13,69.19,,68.76%,8.18%,"5,923.74","1,390.27",,5.18,1.02,1.13,6.23,
Inventurus Knowledge IPO,2024-12-12,2024-12-19,"BSE, NSE",544309,IKS,"2,497.92","1,329",32.84,23.13,14.65,29.46,"2,095.00","1,885.80",41.9,"1,640.65","1,640.50",23.45,"1,640.50 (23.45%)","1,929.00 (Feb 25, 2025)","1,236.80 (Apr 07, 2025)",1640.5,23.45,1929,"Feb 25, 2025",1236.8,"Apr 07, 2025","2,790.52","1,294.61",208.58,61.55,54.66,32.00%,31.56%,32.00%,"1,377.11","1,360.17",828.63,20.38,21.59,24.31,19.07,
International Gemmological IPO,2024-12-13,2024-12-20,"BSE, NSE",544311,IGIIL,"4,225.00",417,19.83,25.84,11.48,19.89,510,471.15,12.99,324,324.5,-22.3,324.50 (-22.3%),"485.00 (Feb 11, 2025)","282.00 (Mar 12, 2025)",324.5,-22.3,485,"Feb 11, 2025",282,"Mar 12, 2025",775.6,619.49,326.06,50.98,82.9,76.58%,80.96%,76.58%,643.41,,,54.68,,,,
Concord Enviro Systems IPO,2024-12-19,2024-12-27,"BSE, NSE",544315,CEWATER,500.33,701,7.39,14.4,5.68,7.84,826,827.1,17.99,380.55,380.55,-45.71,380.55 (-45.71%),"662.95 (Feb 13, 2025)","349.65 (Dec 09, 2025)",380.55,-45.71,662.95,"Feb 13, 2025",349.65,"Dec 09, 2025",640.09,208.02,0.52,30.79,"1,171.52",13.73%,14.07%,12.92%,319.71,300.59,167.53,8.34,22.77,0.6,3.96,
DAM Capital Advisors IPO,2024-12-19,2024-12-27,"BSE, NSE",544316,DAMCAPITAL,840.25,283,67.08,98.1,27.22,57.65,393,415.1,46.68,163,163.19,-42.4,163.19 (-42.4%),"303.50 (Jun 06, 2025)","163.00 (Feb 12, 2026)",163.19,-42.4,303.5,"Jun 06, 2025",163,"Feb 12, 2026",214.68,182,70.52,28.37,28.37,54.72%,,44.98%,162.61,148.47,4.93,38.75,9.98,9.98,12.76,
Mamata Machinery IPO,2024-12-19,2024-12-27,"BSE, NSE",544318,MAMATA,179.35,243,94.92,272.75,139.29,136.48,600,630,159.26,426.4,426.45,75.47,426.45 (75.47%),"541.00 (Jul 30, 2025)","311.55 (Apr 07, 2025)",426.45,75.47,541,"Jul 30, 2025",311.55,"Apr 07, 2025",240.85,29.19,0.22,15.3,633.97,27.76%,31.29%,27.39%,132.82,,4.34,15.27,15.88,0.38,4.5,
Sanathan Textiles IPO,2024-12-19,2024-12-27,"BSE, NSE",544314,SANATHAN,550,321,32.51,44.26,9.3,26.15,422.3,388.35,20.98,422.8,427.3,31.71,427.30 (31.71%),"560.20 (Jul 21, 2025)","286.95 (Mar 03, 2025)",427.3,31.71,560.2,"Jul 21, 2025",286.95,"Mar 03, 2025","2,529.53",787.76,50.07,17.25,13.53,11.09%,11.80%,10.42%,"1,324.06",,644.93,4.53,18.6,23.73,1.81,
Transrail Lighting IPO,2024-12-19,2024-12-27,"BSE, NSE",544317,TRANSRAILL,838.91,432,79.49,78.1,23.08,58.2,590,553.55,28.14,554.2,555.05,28.29,555.05 (28.29%),"855.80 (Aug 13, 2025)","394.55 (Apr 07, 2025)",555.05,28.29,855.8,"Aug 13, 2025",394.55,"Apr 07, 2025","4,836.17",929.7,51.74,23.15,28.02,24.41%,24.33%,21.68%,"1,140.65",,603.43,5.65,18.66,15.42,4.7,
Carraro India IPO,2024-12-20,2024-12-30,"BSE, NSE",544320,CARRARO,"1,250.00",704,1.56,0.59,0.72,1.12,651,636.2,-9.63,565.45,568.8,-19.68,568.80 (-19.68%),"614.50 (Feb 12, 2026)","253.15 (Apr 09, 2025)",568.8,-19.68,614.5,"Feb 12, 2026",253.15,"Apr 09, 2025","1,093.41",922.74,49.73,63.97,40.24,17.69%,19.35%,16.92%,419.44,,195.78,3.5,11,17.5,,
Senores Pharmaceuticals IPO,2024-12-20,2024-12-30,"BSE, NSE",544319,SENORES,582.11,391,40.12,98.1,94.87,54.02,593.7,557.8,42.66,785.25,783.55,100.83,783.55 (100.83%),"876.50 (Jan 07, 2026)","440.30 (Apr 07, 2025)",783.55,100.83,876.5,"Jan 07, 2026",440.3,"Apr 07, 2025",678.08,183.35,23.94,39.77,28.21,23.60%,11.73%,23.60%,319.06,263.36,242.03,15.25,9.83,13.86,5.84,
Ventive Hospitality IPO,2024-12-20,2024-12-30,"BSE, NSE",544321,VENTIVE,"1,600.00",643,4.43,14.54,6.19,6.12,716,704.35,9.54,746.55,748.45,16.1,748.45 (16.1%),"840.00 (May 13, 2025)","523.40 (Mar 03, 2025)",748.45,16.1,840,"May 13, 2025",523.4,"Mar 03, 2025",,875.9,-137.83,-201.01,-54.48,,,-1.82%,,,,35,-3.2,-11.8,3.66,
Unimech Aerospace IPO,2024-12-23,2024-12-31,"BSE, NSE",544322,UNIMECH,500,785,133.73,275.23,57.86,128.02,"1,460.00","1,376.25",75.32,937.3,937,19.4,937.00 (19.4%),"1,397.00 (Jun 17, 2025)","807.05 (Jan 27, 2026)",937,19.4,1397,"Jun 17, 2025",807.05,"Jan 27, 2026",509.27,127.58,38.68,64.37,51.61,53.53%,54.36%,53.53%,390.1,113.71,74.71,27.85,12.19,15.21,31.77,
Standard Glass Lining IPO,2025-01-06,2025-01-13,"NSE, BSE",544333,SGLTL,410.05,140,131.6,273.52,65.72,129.83,176,163.35,16.68,131.05,135.98,-6.39,135.98 (-4.82%),"213.80 (Jan 16, 2025)","124.00 (Mar 04, 2025)",135.98,-4.82,213.8,"Jan 16, 2025",124,"Mar 04, 2025",756.52,312.1,36.27,43.04,38.5,20.74%,25.49%,20.74%,447.8,261.58,173.8,10.92,3.25,3.64,5.7,
Quadrant Future Tek IPO,2025-01-07,2025-01-14,"BSE, NSE",544336,QUADFUTURE,290,290,56.72,265.68,256.63,108.05,370,444,53.1,292.7,292.8,0.93,293.60 (1.38%),"618.85 (Feb 13, 2025)","248.55 (Dec 18, 2025)",293.6,1.38,618.85,"Feb 13, 2025",248.55,"Dec 18, 2025",149.66,65.14,-12.11,59.13,-47.91,33.41%,26.12%,33.41%,34.18,4.18,98.01,9.68,4.9,-6.05,19.73,
Laxmi Dental IPO,2025-01-13,2025-01-20,"BSE, NSE",544339,LAXMIDENTL,698.06,428,44.6,147.44,75.35,63.1,542,550.55,28.63,192.25,191.94,-55.08,203.47 (-52.61%),"509.95 (Jul 21, 2025)","180.30 (Jan 30, 2026)",203.47,-52.61,509.95,"Jul 21, 2025",180.3,"Jan 30, 2026",158.22,117.9,22.74,87.77,51.73,78.78%,19.97%,78.78%,67.09,,40.91,13.03,4.88,8.27,49.59,
Stallion India Fluorochemicals IPO,2025-01-16,2025-01-23,"BSE, NSE",544342,STALLION,199.45,90,69.58,424.11,94.51,131.49,120,126,40,164.95,165.37,83.28,173.85 (92.67%),"359.15 (Oct 17, 2025)","50.85 (Mar 03, 2025)",173.85,92.67,359.15,"Oct 17, 2025",50.85,"Mar 03, 2025",235.69,141.53,16.57,37.41,21.55,12.54%,13.96%,12.54%,134.53,,81.05,6.26,2.41,4.18,4.69,
Denta Water IPO,2025-01-22,2025-01-29,"BSE, NSE",544345,DENTA,220.5,294,94.71,505.15,89.36,154.4,325,341.25,16.07,275.8,275.3,-6.19,303.40 (4.32%),"479.60 (Oct 07, 2025)","248.40 (Feb 02, 2026)",303.4,4.32,479.6,"Oct 07, 2025",248.4,"Feb 02, 2026",220.35,98.51,24.2,9.45,16.22,36.36%,76.99%,36.36%,188.46,169.26,0.71,25.03,31.11,18.13,5.01,
Dr.Agarwal's Health Care IPO,2025-01-29,2025-02-04,"BSE, NSE",544350,AGARWALEYE,"3,027.26",402,2.48,0.37,0.39,1.39,402,401.65,-0.09,454.65,455.05,13.1,459.25 (14.05%),"568.00 (Oct 16, 2025)","327.00 (May 30, 2025)",459.25,14.05,568,"Oct 16, 2025",327,"May 30, 2025","3,393.41",837.94,39.56,130.44,160.48,9.33%,14.61%,6.21,"1,502.67","1,509.11",373.68,6.9,3.08,2.51,7.96,
Ajax Engineering IPO,2025-02-10,2025-02-17,"BSE, NSE",544356,AJAXENGG,"1,268.93",629,6.46,6.41,1.89,4.84,576,595.4,-5.34,476.9,476.9,-24.18,498.80 (-21.02%),"756.20 (May 14, 2025)","473.25 (Jan 23, 2026)",498.8,-21.02,756.2,"May 14, 2025",473.25,"Jan 23, 2026","1,348.76",794.16,101.02,31.96,35.62,24.53%,32.82%,19.39%,995.84,984.4,,12.65,19.68,17.66,7.84,
Hexaware Technologies IPO,2025-02-12,2025-02-19,"BSE, NSE",544362,HEXT,"8,750.00",708,4.42,0.21,0.1,2.25,745.5,762.55,7.7,560.95,561.6,-20.77,542.95 (-23.17%),"900.00 (Jul 09, 2025)","540.00 (Feb 12, 2026)",542.95,-23.17,900,"Jul 09, 2025",540,"Feb 12, 2026","8,594.20","8,871.30",853.3,,,,,23.60%,"4,876.00","4,816.70",,9.6,,,10.15,
Quality Power Electrical IPO,2025-02-14,2025-02-24,"BSE, NSE",544367,QPOWER,858.7,425,1.01,0.77,1.72,1.05,430,387.9,-8.73,805.65,806.05,89.56,800.60 (88.32%),"1,082.00 (Sep 30, 2025)","267.80 (Apr 07, 2025)",800.6,88.32,1082,"Sep 30, 2025",267.8,"Apr 07, 2025",399.64,182.72,50.08,55.28,32.86,29.15%,19.20%,29.15%,238.63,150.43,25.55,16.74,7.69,12.93,16.11,
Ather Energy IPO,2025-04-28,2025-05-06,"BSE, NSE",544397,ATHER,"2,980.76",321,1.3,0.68,1.76,1.26,328,302.3,-5.83,707.85,708.25,120.51,725.75 (125.89%),"790.00 (Oct 21, 2025)","288.15 (May 07, 2025)",725.75,125.89,790,"Oct 21, 2025",288.15,"May 07, 2025","2,172.00","1,617.40",-577.9,,,,,-194.00%,108,104.1,521.6,,-47,,,
Borana Weaves IPO,2025-05-20,2025-05-27,"BSE, NSE",544404,BORANA,144.89,216,35.27,237.23,192.74,81.31,243,255.15,18.13,372.35,,72.38,377.90 (74.95%),"404.90 (Feb 02, 2026)","211.00 (Sep 04, 2025)",377.9,74.95,404.9,"Feb 02, 2026",211,"Sep 04, 2025",149.67,215.71,29.31,18.26,14.73,49.45%,27.42%,49.77%,76.55,56.87,54.03,11.85,11.83,14.66,9.09,46.03
Belrise Industries IPO,2025-05-21,2025-05-28,"BSE, NSE",544405,BELRISE,"2,150.00",90,0.98,40.78,4.4,8.15,100,97.41,8.23,186.65,186.71,107.39,188.27 (109.28%),"193.74 (Feb 11, 2026)","89.15 (Jun 02, 2025)",188.27,109.28,193.74,"Feb 11, 2026",89.15,"Jun 02, 2025","6,587.69","6,064.76",245.47,16.61,24.47,,14.83%,13.33%,"2,577.55","2,252.24","2,599.80",4.36,5.42,3.68,2.5,
Aegis Vopak Terminals IPO,2025-05-26,2025-06-02,"BSE, NSE",544407,AEGISVOPAK,"2,800.00",235,1.97,0.64,0.78,1.66,220,242,2.98,214.25,214.25,-8.83,213.01 (-9.19%),"302.00 (Jul 18, 2025)","198.00 (Jan 21, 2026)",213.01,-9.19,302,"Jul 18, 2025",198,"Jan 21, 2026","5,855.60",476.15,85.89,268.51,227.36,8.68%,8.39%,7.51%,"2,037.61",,"2,485.75",15.18,0.88,1.03,17.71,
Schloss Bangalore IPO,2025-05-26,2025-06-02,"BSE, NSE",544408,THELEELA,"3,500.00",435,3.74,1.06,0.83,3.05,406,435.55,0.13,445.4,445.25,2.39,447.30 (2.83%),"474.40 (Jul 23, 2025)","382.50 (Jun 19, 2025)",447.3,2.83,474.4,"Jul 23, 2025",382.5,"Jun 19, 2025","8,266.16","1,406.56",47.66,160.63,213.09,,,1.32%,"3,604.99","3,280.43","3,908.75",,2.71,2.04,2.92,
Prostarm Info Systems IPO,2025-05-27,2025-06-03,"BSE, NSE",544410,PROSTARM,168,105,41.8,222.75,38.12,67.65,120,126,20,171.2,171.87,63.05,174.42 (66.19%),"253.49 (Jul 30, 2025)","108.00 (Jun 13, 2025)",174.42,66.19,253.49,"Jul 30, 2025",108,"Jun 13, 2025",230.04,270.27,22.11,19.75,20.97,31.41%,32.41%,32.09%,107.24,64.37,60.37,8.85,5.32,5.01,5.34,35.89
Scoda Tubes IPO,2025-05-28,2025-06-04,"BSE, NSE",544411,SCODATUBES,220,140,30.23,122.2,20.23,40.52,140,147,5,137.45,137.45,-1.82,141.09 (0.75%),"230.85 (Jul 14, 2025)","113.53 (Feb 02, 2026)",141.09,0.75,230.85,"Jul 14, 2025",113.53,"Feb 02, 2026",428.49,363.48,24.91,33.81,25.25,28.77%,15.92%,28.77%,143.55,99.35,202.16,4.58,4.14,5.54,8.76,60.63
Oswal Pumps IPO,2025-06-13,2025-06-20,"BSE, NSE",544418,OSWALPUMPS,"1,387.34",614,35.89,38.19,3.59,24.93,634,625.35,1.85,333.4,333.25,-45.7,350.85 (-42.83%),"888.40 (Aug 21, 2025)","330.80 (Feb 13, 2026)",350.85,-42.83,888.4,"Aug 21, 2025",330.8,"Feb 13, 2026","1,096.01","1,067.34",216.71,62.54,24.22,,81.85%,88.73%,378.8,387.96,346.3,12.83,9.82,25.35,38.14,321.01
Arisinfra Solutions IPO,2025-06-18,2025-06-25,"BSE, NSE",544419,ARISINFRA,499.6,222,1.2,3.07,5.98,1.96,205,174.38,-21.45,101.4,84.18,-54.32,84.18 (-53.96%),"208.50 (Jun 25, 2025)","83.10 (Feb 06, 2026)",84.18,-53.96,208.5,"Jun 25, 2025",83.1,"Feb 06, 2026",586.56,557.76,6.53,-41.89,,,,-13.14%,152.09,141.1,322.82,,-5.3,,8.61,39.88
Ellenbarrie Industrial Gases IPO,2025-06-24,2025-07-01,"BSE, NSE",544421,ELLEN,852.53,400,25.92,15.54,2.14,16.04,486,534.6,33.65,239.75,239.65,-40.06,249.70 (-37.58%),"637.70 (Jul 14, 2025)","245.10 (Feb 02, 2026)",249.7,-37.58,637.7,"Jul 14, 2025",245.1,"Feb 02, 2026",845.97,348.43,83.29,62.88,67.69,16.88%,13.71%,24.97%,333.62,467.17,245.3,23.9,6.36,5.91,20.93,109.74
Globe Civil Projects IPO,2025-06-24,2025-07-01,"BSE, NSE",544424,GLOBECIVIL,119,71,40.66,142.1,52.61,60.06,90,94.46,33.04,53.22,53.4,-25.04,53.39 (-24.77%),"95.00 (Jul 23, 2025)","47.00 (Jan 20, 2026)",53.39,-24.77,95,"Jul 23, 2025",47,"Jan 20, 2026",374.6,256.74,17.79,19.83,17.88,21.95%,23.07%,19.80%,99.83,56.87,137.97,4.59,3.58,3.97,3.92,39.3
Kalpataru IPO,2025-06-24,2025-07-01,"BSE, NSE",544423,KALPATARU,"1,590.00",414,1.93,1.39,1.35,1.78,414,432.95,4.58,348.3,348.4,-15.87,350.50 (-15.25%),"457.40 (Jul 09, 2025)","319.10 (Feb 02, 2026)",350.5,-15.25,457.4,"Jul 09, 2025",319.1,"Feb 02, 2026","15,562.35","1,699.49",5.51,-59.52,"1,160.05",,,-10.15,"1,579.54",,"11,056.40",,-6.96,0.36,5.62,101.67
HDB Financial IPO,2025-06-25,2025-07-02,"BSE, NSE",544429,HDBFS,"12,500.00",740,24.05,10.24,1.43,13.07,835,840.95,13.64,708,709.4,-4.32,715.00 (-3.39%),"891.90 (Jul 03, 2025)","687.30 (Jan 27, 2026)",715,-3.39,891.9,"Jul 03, 2025",687.3,"Jan 27, 2026",########,"16,300.28","2,175.92",27,28.15,14.72%,,,"14,936.50","15,023.97","87,397.77",,27.41,26.29,3.72,"9,512.37"
Sambhv Steel Tubes IPO,2025-06-25,2025-07-02,"BSE, NSE",544430,SAMBHV,540,82,27.26,33.62,8.35,21.49,110,97.59,19.01,100.02,100.12,21.98,98.50 (20.12%),"149.40 (Jul 22, 2025)","81.42 (Jan 27, 2026)",98.5,20.12,149.4,"Jul 22, 2025",81.42,"Jan 27, 2026","1,411.82","1,018.81",40.69,23.97,44.54,25.42%,17.66%,25.42%,478.46,,619.15,6.41,3.42,1.84,4.51,106.37
Indogulf Cropsciences IPO,2025-06-26,2025-07-03,"BSE, NSE",544432,IGCL,200,111,1.95,50.72,15.33,13.5,111,110.35,-0.59,69.41,69.55,-37.47,70.74 (-36.07%),"122.00 (Jul 22, 2025)","64.50 (Jan 27, 2026)",70.74,-36.07,122,"Jul 22, 2025",64.5,"Jan 27, 2026",597.81,466.31,21.68,19.18,24.27,12.20%,11.93%,12.19%,265.43,216.64,206.3,5.11,5.79,4.57,1.13,44.78
Crizac IPO,2025-07-02,2025-07-09,"BSE, NSE",544439,CRIZAC,860,245,57.16,79.49,10.54,44.19,281.05,307.63,25.56,231.55,231.3,-5.49,240.35 (-1.94%),"387.95 (Sep 08, 2025)","217.30 (Jan 22, 2026)",240.35,-1.94,387.95,"Sep 08, 2025",217.3,"Jan 22, 2026",879.62,884.78,152.93,28.03,28.03,30.24%,40.03%,30.24%,505.71,,0.08,17.28,8.74,8.74,8.48,212.82
Travel Food Services IPO,2025-07-07,2025-07-14,"BSE, NSE",544443,TRAVELFOOD,"2,000.00","1,100",3.83,1.62,0.69,2.4,"1,125.00","1,074.80",-2.29,"1,166.65","1,170.70",6.06,"1,214.70 (10.47%)","1,445.00 (Nov 27, 2025)","1,008.50 (Aug 04, 2025)",1214.7,10.47,1445,"Nov 27, 2025",1008.5,"Aug 04, 2025","1,902.73","1,762.71",379.66,38.15,38.15,35.47%,51.40%,34.64%,"1,048.45","1,040.24",,21.54,28.83,28.83,13.82,676.35
Smartworks Coworking Spaces IPO,2025-07-10,2025-07-17,"BSE, NSE",544447,SMARTWORKS,582.56,407,10.59,23.63,3.59,10.03,435,445.05,9.35,459.9,457.15,13,462.35 (13.21%),"619.00 (Nov 04, 2025)","392.70 (Jul 28, 2025)",462.35,13.21,619,"Nov 04, 2025",392.7,"Jul 28, 2025","4,650.85","1,409.67",-63.18,,,,42.30%,-58.76%,107.51,4.69,397.77,-4.6,-6.12,-5.54,38.58,857.26
Anthem Biosciences IPO,2025-07-14,2025-07-21,"BSE, NSE",544449,ANTHEM,"3,395.00",570,77.87,43.67,5.74,47.37,723.05,730.35,28.13,688.8,689.95,20.84,703.40 (23.32%),"873.50 (Sep 18, 2025)","579.15 (Feb 02, 2026)",703.4,23.32,873.5,"Sep 18, 2025",579.15,"Feb 02, 2026","2,807.58","1,930.29",451.26,70.62,70.62,20.82%,26.88%,20.82%,"2,409.86","2,298.05",108.95,23.38,8.07,8.07,13.23,683.78
GNG Electronics IPO,2025-07-23,2025-07-30,"BSE, NSE",544455,EBGNG,460.43,237,110.35,237.44,48.2,107.66,355,333.39,40.67,336.2,335.8,41.86,329.35 (39.14%),"401.70 (Sep 18, 2025)","239.00 (Jan 27, 2026)",329.35,39.14,401.7,"Sep 18, 2025",239,"Jan 27, 2026",719.46,"1,420.37",69.03,33.35,39.14,30.40%,17.31%,30.40%,226.46,176.61,446.92,4.89,7.11,6.05,10.17,126.14
Indiqube Spaces IPO,2025-07-23,2025-07-30,"BSE, NSE",544454,INDIQUBE,700,237,6.68,8.62,13.41,7.63,216,217.97,-8.03,180.05,181.06,-24.03,182.41 (-23.19%),"243.80 (Sep 22, 2025)","163.51 (Feb 02, 2026)",182.41,-23.19,243.8,"Sep 22, 2025",163.51,"Feb 02, 2026","4,685.12","1,102.93",-139.62,,,-2.19%,34.21%,,-3.11,-23.3,343.96,-12.66,-7.65,,,660.19
Brigade Hotel Ventures IPO,2025-07-24,2025-07-31,"BSE, NSE",544457,BRIGHOTEL,759.6,90,2.9,10.1,6.59,4.26,81.1,85.32,-5.2,61.41,61.41,-31.77,62.29 (-31.16%),"91.77 (Aug 19, 2025)","58.02 (Jan 23, 2026)",62.29,-31.16,91.77,"Aug 19, 2025",58.02,"Jan 23, 2026",947.57,470.68,23.66,112.38,144.48,,13.62%,30.11%,78.58,,617.32,5.03,0.8,0.62,32.26,166.87
Shanti Gold International IPO,2025-07-25,2025-08-01,"BSE, NSE",544459,SHANTIGOLD,360.11,199,47.35,151.49,30.42,57.04,227.55,229.38,15.27,217.8,217.84,9.45,217.93 (9.7%),"274.10 (Aug 21, 2025)","184.10 (Dec 18, 2025)",217.93,9.7,274.1,"Aug 21, 2025",184.1,"Dec 18, 2025",419.83,"1,112.47",55.84,19.24,25.69,,25.70%,44.85%,152.37,,233,5.05,10.34,7.75,7.05,97.71
Aditya Infotech IPO,2025-07-29,2025-08-05,"BSE, NSE",544466,CPPLUS,"1,300.00",675,56.7,75.52,52.56,58.82,"1,015.00","1,082.65",60.39,"1,573.25","1,573.30",133.07,"1,546.20 (128.79%)","1,745.10 (Nov 19, 2025)","1,015.00 (Aug 05, 2025)",1546.2,128.79,1745.1,"Nov 19, 2025",1015,"Aug 05, 2025","3,174.54","3,122.93",351.37,21.09,22.52,34.53%,33.27%,34.53%,"1,017.66",994.49,412.84,11.25,32,29.98,7.06,258.39
Laxmi India Finance IPO,2025-07-29,2025-08-05,"BSE, NSE",544465,LAXMIINDIA,254.26,158,1.47,1.82,2.17,1.76,137.52,134.11,-15.12,102.77,102.75,-34.96,108.64 (-31.31%),"180.90 (Sep 18, 2025)","85.87 (Jan 27, 2026)",108.64,-31.31,180.9,"Sep 18, 2025",85.87,"Jan 27, 2026","1,412.52",248.04,36.01,18.35,22.94,,,13.95%,257.47,236.99,"1,137.06",14.48,8.61,6.89,2.57,163.88
M&B Engineering IPO,2025-07-30,2025-08-06,"BSE, NSE",544470,MBEL,650,385,15.98,40.18,33.54,21.3,385,408.65,6.14,337.5,337.7,-12.34,333.15 (-13.52%),"535.90 (Nov 10, 2025)","291.00 (Feb 02, 2026)",333.15,-13.52,535.9,"Nov 10, 2025",291,"Feb 02, 2026",849.21,996.89,77.05,24.98,28.55,25.13%,24.80%,25.14%,306.53,256.53,186.13,7.73,15.41,13.48,6.28,126.38
NSDL IPO,2025-07-30,2025-08-06,BSE,544467,NSDL,"4,010.95",800,42.15,34.75,7.43,28.84,880,936,17,954.4,,19.3,971.70 (21.46%),"1,425.00 (Aug 11, 2025)","880.00 (Aug 06, 2025)",971.7,21.46,1425,"Aug 11, 2025",880,"Aug 06, 2025","2,984.84","1,535.19",343.12,46.63,,17.11%,22.70%,17.11%,"2,005.34",232.31,,22.35,17.16,,7.98,492.94
Sri Lotus Developers IPO,2025-07-30,2025-08-06,"BSE, NSE",544469,LOTUSDEV,792,150,70.76,61.53,21.13,51.87,178,195.67,30.45,144.3,144.16,-3.8,151.57 (1.17%),"218.49 (Aug 11, 2025)","137.60 (Jan 21, 2026)",151.57,1.17,218.49,"Aug 11, 2025",137.6,"Jan 21, 2026","1,218.60",569.28,227.89,28.69,32.17,24.39%,27.22%,24.39%,932.44,888.93,122.13,41.46,5.23,4.66,7.01,288.97
Highway Infrastructure IPO,2025-08-05,2025-08-12,"BSE, NSE",544477,HILINFRA,130,70,170.38,471.09,159.72,256.33,115,120.75,72.5,55.43,55.42,-20.81,56.87 (-18.7%),"131.40 (Aug 14, 2025)","49.49 (Jan 30, 2026)",56.87,-18.7,131.4,"Aug 14, 2025",49.49,"Jan 30, 2026",231.56,504.48,22.4,18.06,22.41,19.03%,16.56%,19.03%,117.72,83.9,71.82,4.44,3.88,3.12,3.44,31.32
All Time Plastics IPO,2025-08-07,2025-08-14,"BSE, NSE",544479,ALLTIME,400.6,275,4.76,13.9,5.23,6.28,311.3,283.3,3.02,257.9,258.96,-6.22,263.71 (-4.6%),"334.90 (Aug 25, 2025)","218.00 (Feb 02, 2026)",263.71,-4.6,334.9,"Aug 25, 2025",218,"Feb 02, 2026",562.32,559.24,47.29,32.17,38.09,19.01%,16.99%,19.01%,249.13,247.73,218.51,8.46,8.55,7.22,7.15,101.34
JSW Cement IPO,2025-08-07,2025-08-14,"BSE, NSE",544480,JSWCEMENT,"3,600.00",147,7.3,11.56,1.84,6.03,153.5,146.07,-0.63,119.5,119.43,-18.71,119.65 (-18.61%),"162.15 (Sep 04, 2025)","106.65 (Dec 04, 2025)",119.65,-18.61,162.15,"Sep 04, 2025",106.65,"Dec 04, 2025","12,003.94","5,914.67",-163.77,-112.61,-122.38,-6.9,7.05%,-4.85%,"2,352.55","1,287.31","6,166.55",-2.77,-1.31,-1.2,6.16,815.32
BlueStone Jewellery IPO,2025-08-11,2025-08-19,"BSE, NSE",544484,BLUESTONE,"1,540.65",517,2.3,0.56,1.32,1.94,510,546,5.61,437.55,436.75,-15.37,450.70 (-12.81%),"793.00 (Oct 09, 2025)","411.85 (Feb 02, 2026)",450.7,-12.81,793,"Oct 09, 2025",411.85,"Feb 02, 2026","3,532.28","1,830.04",-221.84,,,-34.53%,-3.67%,-24.45%,,877.12,728.62,-12.53,,,2.01,73.16
Regaal Resources IPO,2025-08-12,2025-08-20,"BSE, NSE",544485,REGAAL,306,102,41.34,355.25,55.61,93.42,141,131.58,29,59.61,59.71,-41.56,60.23 (-40.79%),"145.70 (Aug 20, 2025)","57.27 (Feb 02, 2026)",60.23,-40.79,145.7,"Aug 20, 2025",57.27,"Feb 02, 2026",860.27,917.58,47.67,17.58,21.98,20.25%,14.17%,20.25%,235.41,202.44,507.05,5.19,5.8,4.64,6.18,112.79
Gem Aromatics IPO,2025-08-19,2025-08-26,"BSE, NSE",544491,GEMAROMA,451.25,325,22.14,45.9,10.29,21.55,333.1,319.05,-1.83,195,195.49,-40,197.67 (-39.05%),"349.60 (Aug 26, 2025)","133.00 (Dec 09, 2025)",197.67,-39.05,349.6,"Aug 26, 2025",133,"Dec 09, 2025",534.52,505.64,53.38,28.52,31.8,18.80%,16.02%,18.80%,283.98,278.26,222.37,10.56,11.39,10.22,5.36,88.45
Patel Retail IPO,2025-08-19,2025-08-26,"BSE, NSE",544487,PATELRMART,242.66,255,109.09,107.9,41.68,78.04,300,287.7,12.82,193,192.85,-24.31,200.18 (-20.82%),"305.00 (Aug 26, 2025)","169.91 (Jan 20, 2026)",200.18,-20.82,305,"Aug 26, 2025",169.91,"Jan 20, 2026",382.86,825.99,25.28,25.1,33.69,19.02%,14.43%,19.02%,134.57,,180.54,3.08,10.16,7.57,4.72,62.43
Shreeji Shipping Global IPO,2025-08-19,2025-08-26,"BSE, NSE",544490,SHREEJISPG,410.71,252,44.82,72.62,21.57,40.85,270,255.1,1.23,401.9,400.5,59.48,400.00 (58.63%),"408.85 (Feb 13, 2026)","222.00 (Oct 09, 2025)",400,58.63,408.85,"Feb 13, 2026",222,"Oct 09, 2025",758.58,610.45,141.24,26.16,29.07,42.91%,28.09%,42.91%,343.17,196.55,256.47,23.24,9.63,8.67,10.76,200.68
Vikram Solar IPO,2025-08-19,2025-08-26,"BSE, NSE",544488,VIKRAMSOLR,"2,079.37",332,58.56,52.8,7.77,39.73,338,356.4,7.35,230.9,230.55,-30.45,234.80 (-29.2%),"407.95 (Sep 10, 2025)","188.25 (Jan 27, 2026)",234.8,-29.2,407.95,"Sep 10, 2025",188.25,"Jan 27, 2026","2,832.15","3,459.53",139.83,75.16,85.88,16.57%,24.49%,11.26%,"1,241.99",932.6,230.67,4.08,4.42,3.87,8.46,492.01
Mangal Electrical IPO,2025-08-20,2025-08-28,"BSE, NSE",544492,MEIL,400,561,5.13,19.7,4.99,7.27,556,535.35,-4.57,266.15,266.4,-52.56,271.10 (-51.61%),"573.70 (Sep 04, 2025)","244.15 (Feb 02, 2026)",271.1,-51.61,573.7,"Sep 04, 2025",244.15,"Feb 02, 2026",366.46,551.39,47.31,24.31,32.77,29.00%,25.38%,34.14%,162.16,,149.12,8.61,23.08,17.12,7.09,81.84
Anlon Healthcare IPO,2025-08-26,2025-09-03,"BSE, NSE",544497,AHCL,121.03,91,1.05,10.5,45.82,6.95,92,91.73,0.8,121.2,121.56,33.19,122.44 (34.89%),"172.75 (Nov 28, 2025)","90.78 (Sep 03, 2025)",122.44,34.89,172.75,"Nov 28, 2025",90.78,"Sep 03, 2025",181.3,120.46,20.52,17.67,23.57,40.45%,21.93%,25.51%,80.42,40.57,58.35,17.06,5.15,3.86,4.51,32.38
Vikran Engineering IPO,2025-08-26,2025-09-03,"BSE, NSE",544496,VIKRAN,772,97,8.67,61.68,11.27,17.53,99,95.71,-1.33,85.92,85.88,-11.42,86.85 (-10.42%),"118.40 (Nov 20, 2025)","84.20 (Dec 18, 2025)",86.85,-10.42,118.4,"Nov 20, 2025",84.2,"Dec 18, 2025","1,354.68",922.36,77.82,22.88,32.15,16.63%,23.34%,16.63%,467.87,449.52,272.94,8.44,4.24,3.02,3.81,160.24
Amanta Healthcare IPO,2025-09-01,2025-09-09,"BSE, NSE",544502,AMANTA,126,126,14.8,209.13,53.59,57.53,135,141.75,12.5,104.65,105.02,-16.94,108.56 (-13.89%),"154.40 (Sep 23, 2025)","97.75 (Dec 09, 2025)",108.56,-13.89,154.4,"Sep 23, 2025",97.75,"Dec 09, 2025",381.76,276.09,10.5,34.59,46.59,12.42%,13.72%,10.89%,96.39,67.56,195,3.86,3.64,2.7,3.77,61.05
Dev Accelerator IPO,2025-09-10,2025-09-17,"BSE, NSE",544513,DEVX,143.35,61,9.05,87.49,160.88,35.82,61,64.05,5,40.12,40.59,-34.23,39.77 (-34.74%),"64.05 (Sep 17, 2025)","34.00 (Jan 21, 2026)",39.77,-34.74,64.05,"Sep 17, 2025",34,"Jan 21, 2026",540.38,178.89,1.74,233.25,315.45,,25.95%,3.24%,54.79,,130.67,1,0.26,0.19,7.94,80.46
Shringar House of Mangalsutra IPO,2025-09-10,2025-09-17,"BSE, NSE",544512,SHRINGARMS,400.95,165,41.17,82.36,26.66,42.24,188.5,184.88,12.05,236.45,236.79,43.3,240.04 (45.61%),"250.70 (Jan 16, 2026)","177.51 (Sep 30, 2025)",240.04,45.61,250.7,"Jan 16, 2026",177.51,"Sep 30, 2025",375.75,"1,430.12",61.11,19.47,26.04,,32.43%,36.20%,200.85,123.72,123.11,4.27,8.47,6.34,5.93,92.61
Urban Company IPO,2025-09-10,2025-09-17,"BSE, NSE",544515,URBANCO,"1,900.24",103,59.44,77.52,40.1,60.14,162.25,166.83,61.97,121.1,121.25,17.57,121.08 (17.62%),"201.18 (Sep 22, 2025)","116.58 (Jan 27, 2026)",121.08,17.62,201.18,"Sep 22, 2025",116.58,"Jan 27, 2026","2,200.64","1,260.68",239.77,59.71,61.68,,,13.35%,"1,781.28","2,646.12",,,1.72,1.67,8.27,
Euro Pratik Sales IPO,2025-09-16,2025-09-23,"BSE, NSE",544519,EUROPRATIK,451.31,247,1.13,1.95,1.23,1.29,272.1,248.38,0.56,234.25,233.57,-5.16,231.99 (-5.55%),"390.00 (Nov 17, 2025)","205.10 (Jan 30, 2026)",231.99,-5.55,390,"Nov 17, 2025",205.1,"Jan 30, 2026",273.84,291.52,76.44,33.02,33.02,39.18%,44.58%,32.60%,234.49,223.88,2.68,26.08,7.48,7.48,10.77,110.1
VMS TMT IPO,2025-09-17,2025-09-24,"BSE, NSE",544521,VMSTMT,148.5,99,48.35,226.19,46.34,82.91,94.66,94.66,-4.38,51.11,51.48,-48.37,51.45 (-48.2%),"105.00 (Sep 24, 2025)","44.65 (Jan 21, 2026)",51.45,-48.2,105,"Sep 24, 2025",44.65,"Jan 21, 2026",449.35,213.39,8.58,22.24,14.32,,12.79%,20.14%,81.77,47.14,309.18,1.91,4.45,6.91,7.43,19.48
Ivalue Infosolutions IPO,2025-09-18,2025-09-25,"BSE, NSE",544523,IVALUE,560.29,299,1.98,1.18,1.22,1.59,284.95,281.85,-5.74,241.4,240.38,-19.26,247.10 (-17.51%),"340.00 (Nov 20, 2025)","213.98 (Feb 05, 2026)",247.1,-17.51,340,"Nov 20, 2025",213.98,"Feb 05, 2026","1,162.67",942.35,85.3,18.77,18.77,21.13%,28.98%,22.02%,414.79,452.36,42.45,8.87,15.93,15.93,4.96,129.13
GK Energy IPO,2025-09-19,2025-09-26,"BSE, NSE",544525,GKENERGY,464.26,153,77.69,128.29,21.34,65.56,171,167.74,9.63,111,111.06,-27.45,116.82 (-24.05%),"239.60 (Oct 23, 2025)","96.01 (Feb 02, 2026)",116.82,-24.05,239.6,"Oct 23, 2025",96.01,"Feb 02, 2026",583.62,"1,099.18",133.21,20.29,23.3,63.71%,55.65%,63.71%,209.09,175.07,217.79,12.12,7.54,6.57,12.39,199.69
Saatvik Green Energy IPO,2025-09-19,2025-09-26,"BSE, NSE",544526,SAATVIK,900.2,465,5.14,10.53,2.72,5.09,465,440.7,-5.23,417.9,419.3,-10.13,413.45 (-11.05%),"567.00 (Oct 10, 2025)","345.00 (Jan 23, 2026)",413.45,-11.05,567,"Oct 10, 2025",345,"Jan 23, 2026","1,635.74","2,192.47",213.93,24.35,27.63,63.41%,60.45%,63.41%,337.66,315.25,458.1,9.76,19.09,16.83,43.18,353.93
Atlanta Electricals IPO,2025-09-22,2025-09-29,"BSE, NSE",544527,ATLANTAELE,687.85,754,77.97,55.6,10.54,50.62,857,823.35,9.2,871.05,871.95,15.52,897.15 (18.99%),"1,097.85 (Nov 07, 2025)","707.60 (Jan 27, 2026)",897.15,18.99,1097.85,"Nov 07, 2025",707.6,"Jan 27, 2026",866.19,"1,250.49",118.65,46.33,,33.91%,39.43%,33.91%,349.9,,141.03,9.54,16.57,,23.62,199.88
Ganesh Consumer Products IPO,2025-09-22,2025-09-29,"BSE, NSE",544528,GANESHCP,408.8,322,2.39,4.31,1.13,2.23,296.05,294.3,-8.6,189.6,189.93,-41.12,191.55 (-40.33%),"309.95 (Oct 06, 2025)","188.30 (Jan 27, 2026)",191.55,-40.33,309.95,"Oct 06, 2025",188.3,"Jan 27, 2026",341.74,855.16,35.43,33.06,36.72,15.81%,19.81%,15.81%,224.13,190.47,50,4.17,9.74,8.77,5.23,73.24
Anand Rathi Share IPO,2025-09-23,2025-09-30,"BSE, NSE",544530,ARSSBL,745.64,414,19.04,30.04,4.95,15.55,432,445.55,7.62,554.4,554.65,33.91,572.80 (38.42%),"794.85 (Nov 18, 2025)","431.00 (Sep 30, 2025)",572.8,38.42,794.85,"Nov 18, 2025",431,"Sep 30, 2025","3,365.00",847,103.61,17.87,25.06,23.12%,21.32%,23.12%,503.76,481.58,905.57,12.23,23.17,16.52,4.68,311.27
Jaro Institute IPO,2025-09-23,2025-09-30,"BSE, NSE",544534,JARO,450,890,15.59,37.21,9.01,16.53,890,744.25,-16.38,473.45,474.05,-46.8,477.40 (-46.38%),"890.00 (Sep 30, 2025)","386.00 (Jan 12, 2026)",477.4,-46.38,890,"Sep 30, 2025",386,"Jan 12, 2026",276.7,254.02,51.67,34.88,38.17,35.76%,37.38%,30.12%,171.55,151.31,51.11,20.34,25.52,23.32,10.5,83.58
Seshaasai Technologies IPO,2025-09-23,2025-09-30,"BSE, NSE",544533,STYL,813.28,423,76.26,51.27,9.24,48.93,432,411.45,-2.73,261.55,261.63,-38.17,265.90 (-37.33%),"437.45 (Sep 30, 2025)","231.05 (Jan 27, 2026)",265.9,-37.33,437.45,"Sep 30, 2025",231.05,"Jan 27, 2026","1,160.39","1,473.62",222.32,28.63,30.79,34.84%,31.87%,33.20%,669.67,490.52,378.68,15.09,14.78,13.74,13.41,370.37
Solarworld Energy Solutions IPO,2025-09-23,2025-09-30,"BSE, NSE",544532,SOLARWORLD,490,351,30.27,68.02,50.69,37.97,388.5,323.5,-7.83,206.75,205.85,-41.1,214.81 (-38.53%),"388.50 (Sep 30, 2025)","201.56 (Feb 13, 2026)",214.81,-38.53,388.5,"Sep 30, 2025",201.56,"Feb 13, 2026",598.02,551.09,77.05,33.77,39.48,40.27%,54.53%,40.27%,309.07,272,114.55,14.14,10.39,8.89,,106.75
BMW Ventures IPO,2025-09-24,2025-10-01,"BSE, NSE",544543,BMWVENTLTD,231.66,99,1.89,1.08,0.96,1,70.39,70.39,-28.9,58.01,58.02,-41.4,57.57 (-41.77%),"78.00 (Oct 01, 2025)","50.02 (Jan 13, 2026)",57.57,-41.77,78,"Oct 01, 2025",50.02,"Jan 13, 2026",676.09,"2,067.33",32.82,19.1,26.15,15.62%,12.80%,16.54%,210.12,,428.39,1.59,5.18,3.79,2.98,87.39
Epack Prefab Technologies IPO,2025-09-24,2025-10-01,"BSE, NSE",544540,EPACKPEB,504,204,2.75,3.74,1.7,2.53,189.99,194.25,-4.78,187.95,187.77,-7.87,191.20 (-6.08%),"344.00 (Nov 07, 2025)","174.90 (Jan 27, 2026)",191.2,-6.08,344,"Nov 07, 2025",174.9,"Jan 27, 2026",931.02,"1,140.49",59.32,29.49,34.54,22.69%,22.88%,22.69%,353.93,337.01,210.23,5.2,6.92,5.91,9.36,117.79
Jain Resource Recycling IPO,2025-09-24,2025-10-01,"BSE, NSE",544537,JAINREC,"1,250.00",232,11.3,5.58,3.72,9.69,319.94,304.58,31.28,382.9,382.5,65.04,396.70 (71.14%),"461.00 (Nov 18, 2025)","247.57 (Oct 01, 2025)",396.7,71.14,461,"Nov 18, 2025",247.57,"Oct 01, 2025","1,836.24","7,162.15",223.29,33.62,35.86,40.77%,24.22%,41.56%,707.46,660.01,919.92,3.13,6.9,6.47,20.44,368.58
Jinkushal Industries IPO,2025-09-25,2025-10-03,"BSE, NSE",544547,JKIPL,116.15,121,14.64,145.9,46.64,45.54,115.57,115.57,-4.49,68.33,68.59,-43.53,69.21 (-42.29%),"126.95 (Oct 03, 2025)","118.75 (Oct 03, 2025)",69.21,-42.29,126.95,"Oct 03, 2025",118.75,"Oct 03, 2025",179.35,385.81,19.14,18.8,24.26,28.30%,18.39%,21.22%,86.19,,54.82,5.03,6.43,4.99,4.18,28.6
Trualt Bioenergy IPO,2025-09-25,2025-10-03,"BSE, NSE",544545,TRUALT,839.28,496,66.53,102.95,11.37,52.69,545.4,530.95,7.05,419,419.7,-15.52,434.85 (-12.47%),"549.00 (Oct 03, 2025)","310.20 (Jan 27, 2026)",434.85,-12.47,549,"Oct 03, 2025",310.2,"Jan 27, 2026","3,029.73","1,968.53",146.64,23.89,29.01,28.27%,10.88%,19.07%,769,,"1,549.68",7.69,20.76,17.1,4.56,309.14
Pace Digitek IPO,2025-09-26,2025-10-06,"BSE, NSE",544550,PACEDIGITK,819.15,219,1.29,2.94,1.05,1.45,225,217.99,-0.46,181.2,180.72,-17.26,184.80 (-15.68%),"231.95 (Oct 10, 2025)","160.21 (Jan 27, 2026)",184.8,-15.68,231.95,"Oct 10, 2025",160.21,"Jan 27, 2026","2,648.96","2,462.20",279.1,14,16.94,23.09%,37.89%,22.87%,"1,080.33","1,134.21",160.7,11.44,15.64,12.93,3.07,505.13
Fabtech Technologies IPO,2025-09-29,2025-10-07,"BSE, NSE",544558,FABTECH,230.3,191,2.02,1.95,2.04,2.01,173.28,180.39,-5.55,161.4,162.45,-15.5,164.76 (-13.32%),"262.80 (Oct 28, 2025)","137.29 (Feb 03, 2026)",164.76,-13.32,262.8,"Oct 28, 2025",137.29,"Feb 03, 2026",426.56,335.94,46.33,13.32,18.28,30.46%,24.46%,26.83%,173.11,140.72,54.62,13.83,14.34,10.45,3.57,47.28
Glottis IPO,2025-09-29,2025-10-07,"BSE, NSE",544557,GLOTTIS,307,129,1.54,3.06,1.43,1.95,84,83.7,-35.12,52.29,52.37,-59.47,53.55 (-58.61%),"93.00 (Oct 07, 2025)","48.67 (Feb 02, 2026)",53.55,-58.61,93,"Oct 07, 2025",48.67,"Feb 02, 2026",156.1,942.55,56.14,18.38,21.23,56.98%,72.58%,56.98%,98.53,82.53,22.14,5.97,7.02,6.08,10.47,78.45
Om Freight Forwarders IPO,2025-09-29,2025-10-08,"BSE, NSE",544564,OMFREIGHT,122.31,135,2.91,7.38,2.77,3.58,89.84,89.84,-33.45,90.12,90.18,-33.24,90.63 (-33.13%),"107.40 (Nov 18, 2025)","81.10 (Oct 08, 2025)",90.63,-33.13,107.4,"Nov 18, 2025",81.1,"Oct 08, 2025",312.02,494.05,21.99,19.56,20.67,13.53%,15.80%,12.68%,173.47,,26.95,4.49,6.9,6.53,2.48,37.71
Advance Agrolife IPO,2025-09-30,2025-10-08,"BSE, NSE",544562,ADVANCE,192.86,100,11.59,174.55,22.17,39.68,103.01,105.02,5.02,138.65,138.3,38.65,138.12 (38.55%),"154.00 (Oct 27, 2025)","102.00 (Oct 10, 2025)",138.12,38.55,154,"Oct 27, 2025",102,"Oct 10, 2025",351.47,502.88,25.64,17.55,25.07,25.42%,27.02%,29.11%,100.87,55.87,80.45,5.1,5.7,3.99,5.98,48.25
WeWork India IPO,2025-10-03,2025-10-10,"BSE, NSE",544570,WEWORK,"3,000.00",648,1.33,0.23,0.57,1.09,650,628.65,-2.99,561.75,562,-13.31,575.10 (-11.18%),"664.00 (Nov 03, 2025)","555.60 (Jan 27, 2026)",575.1,-11.18,664,"Nov 03, 2025",555.6,"Jan 27, 2026","5,391.67","2,024.00",128.19,67.75,67.75,,,63.80%,199.7,65.68,310.22,,9.56,9.56,41.62,"1,235.95"
Tata Capital IPO,2025-10-06,2025-10-13,"BSE, NSE",544574,TATACAP,"15,511.87",326,1.98,1.95,1.06,1.65,330,330.5,1.38,353.3,353.3,8.37,356.90 (9.54%),"367.30 (Jan 20, 2026)","315.10 (Nov 21, 2025)",356.9,9.54,367.3,"Jan 20, 2026",315.1,"Nov 21, 2025",,"7,691.65","1,040.93",35.99,33.24,12.60%,,11.20%,"32,761.73","29,260.88",,,9.06,9.81,4.1,"5,565.86"
LG Electronics IPO,2025-10-07,2025-10-14,"BSE, NSE",544576,LGEINDIA,"11,607.01","1,140",67.21,22.08,3.39,38.03,"1,710.10","1,689.90",48.24,"1,511.50","1,511.20",32.59,"1,469.00 (28.96%)","1,749.00 (Oct 14, 2025)","1,325.50 (Jan 21, 2026)",1469,28.96,1749,"Oct 14, 2025",1325.5,"Jan 21, 2026","11,516.44","6,337.36",513.26,35.12,37.69,,42.91%,37.13%,"6,447.85","5,805.50",0,8.95,32.46,30.25,13.04,716.27
Canara Robeco IPO,2025-10-09,2025-10-16,"BSE, NSE",544580,CRAMC,"1,326.13",266,10.96,6.4,1.86,7.09,280.25,300.45,12.95,255.5,255.4,-3.95,260.05 (-2.2%),"353.40 (Oct 27, 2025)","244.00 (Feb 02, 2026)",260.05,-2.2,353.4,"Oct 27, 2025",244,"Feb 02, 2026",735.1,121.34,60.98,27.82,21.75,,,36.17%,660.6,461.19,,47.24,9.56,12.23,8.84,81.77
Rubicon Research IPO,2025-10-09,2025-10-16,"BSE, NSE",544578,RUBICON,"1,377.68",485,55.39,101.82,36.48,60.38,620,628.2,29.53,783.95,784.55,61.64,772.25 (58.93%),"822.00 (Feb 05, 2026)","570.75 (Oct 24, 2025)",772.25,58.93,822,"Feb 05, 2026",570.75,"Oct 24, 2025","1,647.60",356.95,43.3,55.75,46.13,29.02%,26.45%,29.02%,593.67,397.5,495.78,10.37,8.7,10.51,13.65,79.74
Canara HSBC Life IPO,2025-10-10,2025-10-17,"BSE, NSE",544583,CANHLIFE,"2,517.50",106,3.44,0.32,0.4,1.9,106,111.42,5.11,151.5,151.61,42.92,147.09 (38.77%),"157.80 (Dec 29, 2025)","106.00 (Oct 17, 2025)",147.09,38.77,157.8,"Dec 29, 2025",106,"Oct 17, 2025","44,047.98",42.35,23.41,86.08,107.53,7.71%,,7.97%,"1,540.28",590.28,,,1.23,0.99,6.64,31.28
Midwest IPO,2025-10-15,2025-10-24,"BSE, NSE",544587,MIDWESTLTD,451.1,"1,065",59.13,175.57,24.56,64.34,"1,165.00","1,140.50",7.09,"1,378.70","1,380.10",29.46,"1,474.50 (37.77%)","1,859.90 (Jan 08, 2026)","1,048.50 (Oct 28, 2025)",1474.5,37.77,1859.9,"Jan 08, 2026",1048.5,"Oct 28, 2025","1,082.81",146.47,24.38,27.01,39.49,19.42%,18.84%,22.11%,577.03,625.6,270.11,17.17,39.42,26.97,6.5,38.97
Orkla India IPO,2025-10-29,2025-11-06,"BSE, NSE",544595,ORKLAINDIA,"1,667.54",730,47.55,54.25,6.8,34.25,750.1,713.65,-2.24,546.25,546.05,-25.17,556.80 (-23.63%),"760.00 (Nov 06, 2025)","544.20 (Feb 13, 2026)",556.8,-23.63,760,"Nov 06, 2025",544.2,"Feb 13, 2026","3,158.20",605.38,78.92,39.11,31.68,,32.70%,13.80%,"1,931.12","2,523.56",2.33,10.7,18.67,23.04,5.4,111.75
Studds Accessories IPO,2025-10-30,2025-11-07,"BSE, NSE",544599,STUDDS,455.49,585,64.55,76.66,21.55,51.31,565,560.3,-4.22,496.45,496.9,-15.14,520.25 (-11.14%),"600.00 (Nov 18, 2025)","475.00 (Feb 02, 2026)",520.25,-11.14,600,"Nov 18, 2025",475,"Feb 02, 2026",586.61,152.01,20.25,33.06,28.43,16.64%,20.25%,15.49%,469.77,450.09,2.91,11.93,17.7,20.58,5.12,30.26
Lenskart Solutions IPO,2025-10-31,2025-11-10,"BSE, NSE",544600,LENSKART,"7,278.02",402,16.74,18.28,7.48,16.01,395,403.1,0.27,505.1,502.2,25.65,513.00 (27.61%),"533.00 (Feb 13, 2026)","356.10 (Nov 10, 2025)",513,27.61,533,"Feb 13, 2026",356.1,"Nov 10, 2025","10,845.68","1,946.10",61.17,227.27,284.96,,13.84%,4.84,"6,176.87","5,855.43",335.48,-115,1.77,1.41,11.03,336.63
Pine Labs IPO,2025-11-07,2025-11-14,"BSE, NSE",544606,PINELABS,"3,900.17",221,2.2,0.29,1.2,1.81,242,250.89,13.52,201.05,201.31,-9.03,203.33 (-7.96%),"284.00 (Nov 14, 2025)","192.81 (Feb 12, 2026)",203.33,-7.96,284,"Nov 14, 2025",192.81,"Feb 12, 2026","10,904.32",653.08,4.79,-160.13,"1,325.57",,,-4.15%,"2,327.55",,888.74,,-1.38,0.17,-9.85,120.56
Emmvee Photovoltaic IPO,2025-11-11,2025-11-18,"BSE, NSE",544608,EMMVEE,"2,900.00",217,1.15,0.3,1.11,1.02,217,219.4,1.11,210.3,210.29,-3.09,207.26 (-4.49%),"248.40 (Dec 03, 2025)","171.51 (Dec 18, 2025)",207.26,-4.49,248.4,"Dec 03, 2025",171.51,"Dec 18, 2025","4,347.72","1,042.22",187.68,34.9,20.01,104.60%,23.33%,69.44%,718.79,608.83,"2,032.11",15.8,6.22,10.84,24.25,347.38
PhysicsWallah IPO,2025-11-11,2025-11-18,"BSE, NSE",544609,PHYSICS,"3,480.00",109,1.75,0.5,1.06,1.49,145,155.24,42.42,107.3,107.33,-1.56,100.36 (-7.89%),"161.99 (Nov 18, 2025)","95.43 (Feb 13, 2026)",100.36,-7.89,161.99,"Nov 18, 2025",95.43,"Feb 13, 2026","5,075.67",905.41,-127.01,-116.86,-62.06,,,-12.50%,"1,867.92",787.92,1.55,-8.43,-0.93,-1.76,14.1,-21.22
Tenneco Clean Air IPO,2025-11-12,2025-11-19,"BSE, NSE",544612,TENNIND,"3,600.00",397,70.45,42.65,5.26,43.47,505,490.8,23.63,560.75,560.5,41.25,576.15 (45.11%),"589.80 (Feb 10, 2026)","438.05 (Dec 18, 2025)",576.15,45.11,589.8,"Feb 10, 2026",438.05,"Dec 18, 2025","2,918.77","1,316.43",168.09,28.97,23.83,42.65%,56.78%,46.65%,"1,250.38","1,204.30",,11.31,13.71,16.66,12.77,228.88
Fujiyama Power Systems IPO,2025-11-13,2025-11-20,"BSE, NSE",544613,UTLSOLAR,828,228,2.72,0.88,1.01,1.84,220,208.44,-8.58,210.85,210.93,-7.52,210.69 (-7.52%),"230.99 (Nov 20, 2025)","192.00 (Dec 18, 2025)",210.69,-7.52,230.99,"Nov 20, 2025",192,"Dec 18, 2025","1,243.88",597.79,67.59,40.85,25.84,39.40%,41.01%,39.40%,464.34,436.33,432.83,10.15,5.58,8.82,16.09,105.89
Capillary Technologies IPO,2025-11-14,2025-11-21,"BSE, NSE",544614,CAPILLARY,877.5,577,23.44,69.49,15.4,29.48,571.9,606.5,5.11,518.55,518.15,-10.13,562.15 (-2.55%),"798.95 (Nov 26, 2025)","555.30 (Feb 12, 2026)",562.15,-2.55,798.95,"Nov 26, 2025",555.3,"Feb 12, 2026",892.33,362.56,1.03,298.93,"2,214.95",,2.76%,2.85%,509.38,149.34,88.94,2.37,1.93,0.26,8.87,39.82
Excelsoft Technologies IPO,2025-11-19,2025-11-26,"BSE, NSE",544617,EXCELSOFT,500,120,20.52,106.72,16.01,31.87,135,125.97,4.97,87.57,87.29,-27.03,93.05 (-22.37%),"142.59 (Nov 26, 2025)","68.00 (Jan 30, 2026)",93.05,-22.37,142.59,"Nov 26, 2025",68,"Jan 30, 2026",478.34,60.28,6.01,34.62,57.46,10.38,16.11,10.38,375.95,274.25,37.82,14.87,3.47,2.09,3.23,10.18
Sudeep Pharma IPO,2025-11-21,2025-11-28,"BSE, NSE",544619,SUDEEPPHRM,895,593,85.68,116.18,15.14,65.56,730,774.15,30.55,667.65,668.4,12.59,672.20 (13.27%),"795.00 (Nov 28, 2025)","524.05 (Jan 21, 2026)",672.2,13.27,795,"Nov 28, 2025",524.05,"Jan 21, 2026",922.26,130.08,31.27,47.61,53.55,,,27.88%,688.32,668.52,135.97,27.63,12.46,11.07,12.93,48.57
Aequs IPO,2025-12-03,2025-12-10,"BSE, NSE",544634,AEQUS,921.81,124,49.72,82.97,78.08,57.41,140,151.29,22.01,142.5,141.99,14.92,143.62 (15.65%),"165.40 (Dec 18, 2025)","131.14 (Feb 02, 2026)",143.62,15.65,165.4,"Dec 18, 2025",131.14,"Feb 02, 2026","2,134.35",565.55,-16.98,-74.71,-244.92,-14.3,0.87,-14.47,796.04,200.43,533.51,-11.07,-1.66,-0.51,9.94,84.11
Meesho IPO,2025-12-03,2025-12-10,"BSE, NSE",544632,MEESHO,"5,421.20",111,49.97,39.29,19.12,45.28,162.5,170.09,53.23,152.6,152.85,37.48,153.04 (37.93%),"254.40 (Dec 18, 2025)","144.76 (Feb 04, 2026)",153.04,37.93,254.4,"Dec 18, 2025",144.76,"Feb 04, 2026","6,640.39","5,857.69",-700.72,-11.63,-35.75,,,-252.37%,968.87,,,,-9.54,-3.11,30.16,-551.87
Vidya Wires IPO,2025-12-03,2025-12-10,"BSE, NSE",544633,VIDYAWIRES,300.01,52,2.74,55.65,29.35,19.99,52,53.17,2.25,47.04,47.06,-9.54,47.35 (-8.94%),"58.45 (Dec 10, 2025)","42.51 (Feb 01, 2026)",47.35,-8.94,58.45,"Dec 10, 2025",42.51,"Feb 01, 2026",376.93,413.09,12.06,20.36,22.94,24.57%,19.72%,24.57%,178.37,162.37,162.75,2.74,2.55,2.27,5,18.67
Corona Remedies IPO,2025-12-08,2025-12-15,"BSE, NSE",544644,CORONA,655.37,"1,062",117.52,219.49,29.29,101.01,"1,470.00","1,438.40",35.44,"1,586.80","1,593.10",49.42,"1,614.10 (52%)","1,660.80 (Feb 11, 2026)","1,336.60 (Dec 23, 2025)",1614.1,52,1660.8,"Feb 11, 2026",1336.6,"Dec 23, 2025","1,012.38",348.56,46.2,43.47,35.15,27.50%,41.32%,24.65%,607.02,545.86,106.65,12.49,24.43,30.21,10.71,71.8
Wakefit Innovations IPO,2025-12-08,2025-12-15,"BSE, NSE",544642,WAKEFIT,"1,288.89",195,1.82,1.02,3.07,1.82,195,192.29,-1.39,213.1,213.35,9.28,214.95 (10.15%),"224.00 (Feb 12, 2026)","164.06 (Jan 07, 2026)",214.95,10.15,224,"Feb 12, 2026",164.06,"Jan 07, 2026","1,220.34",741.3,35.57,-171.29,89.58,-6.58%,-0.68%,-6.72%,557.34,522.34,,-2.75,-1.14,2.18,11.5,103.19
Nephrocare Health IPO,2025-12-10,2025-12-17,"BSE, NSE",544647,NEPHROPLUS,871.05,460,11.29,24.73,2.29,10.12,490,471.25,2.45,573.95,572.7,24.77,575.25 (25.16%),"603.80 (Feb 11, 2026)","446.00 (Dec 19, 2025)",575.25,25.16,603.8,"Feb 11, 2026",446,"Dec 19, 2025","1,193.68",483.97,14.23,63.52,162.19,13.45%,18.67%,13.19%,716.06,704.14,207.04,8.88,7.24,2.84,7.72,110.31
Park Medi World IPO,2025-12-10,2025-12-17,"BSE, NSE",544645,PARKHOSPS,920,162,5.58,15.51,3.24,6.25,158.8,147.95,-8.67,175.45,175.53,8.3,172.23 (6.45%),"165.87 (Dec 17, 2025)","138.10 (Dec 18, 2025)",172.23,6.45,165.87,"Dec 17, 2025",138.1,"Dec 18, 2025","2,320.93",823.39,139.14,29.21,25.14,20.68%,17.47%,20.08%,"1,153.05","1,187.77",733.91,15.3,5.55,6.44,6.09,217.14
ICICI Prudential AMC IPO,2025-12-12,2025-12-19,"BSE, NSE",544658,ICICIAMC,"10,602.65","2,165",50.39,21,2.42,28.19,"2,600.00","2,585.90",19.44,"3,008.55","3,008.30",38.96,"3,108.50 (43.54%)","3,150.60 (Feb 12, 2026)","2,530.00 (Dec 22, 2025)",3108.5,43.54,3150.6,"Feb 12, 2026",2530,"Dec 22, 2025","4,827.34","2,949.61","1,617.74",40.37,33.07,82.80%,,82.80%,"3,921.56","3,903.91",,,53.63,65.46,30.41,"2,210.10"
KSH International IPO,2025-12-16,2025-12-23,"BSE, NSE",544664,KSHINTL,626.35,384,1.17,0.45,0.93,0.98,370,355,-7.55,359.6,360.95,-6.35,365.10 (-4.74%),"403.70 (Jan 06, 2026)","330.00 (Feb 01, 2026)",365.1,-4.74,403.7,"Jan 06, 2026",330,"Feb 01, 2026",793.28,562.6,22.68,32.09,28.68,22.77,16.6,22.77,321.47,293.07,379.39,3.51,11.97,13.39,7.31,40.28
Gujarat Kidney IPO,2025-12-22,2025-12-30,"BSE, NSE",544666,GKSL,250.8,114,1.18,4.73,18.31,3.42,120,104.54,-8.3,110.4,110.46,-3.16,114.15 (-0.04%),"123.00 (Dec 30, 2025)","98.36 (Jan 23, 2026)",114.15,-0.04,123,"Dec 30, 2025",98.36,"Jan 23, 2026",61.59,15.27,5.4,61.62,41.59,36.61%,37.65%,36.61%,30.56,19.42,4.03,23.61,1.85,2.74,22.62,8.63